search_str,new_display_name,ch_no
101 NFL Channel,NFL Channel,
120 ABC News Live,ABC NEWS LIVE,
121 NBC News NOW,NBC NEWS NOW,
122 CBS News 24/7,CBS NEWS 24/7,
123 LiveNOW from FOX,LiveNOW from FOX,
123 LiveNOW from FOX,LiveNOW from FOX,
125 CNN Headlines,CNN Headlines,
138 BBC News,BBC NEWS,346
145 CNN Originals,CNN Originals,
152 WABC ABC7 New York,ABC (WABC) NEW YORK HD,7
154 FOX 5 Washington D.C.,FOX (WNYW) NEW YORK,11
1950 CNN Headlines,CNN Headlines,
201 ION,ION,12
201 OUTDOOR TV,Outdoor Channel HD,606
202 ION Plus,ION Plus,
220 Paramount Movie Channel,Paramount Movie Channel,
224 GET,getTV,83
238 Bounce XL,Bounce XL HD,82
269 Grit Xtra,Grit,81
310 MotorTrend FAST TV,Discovery Turbo,281
341 Spike Outdoors,Spike Outdoors,
380 ION Mystery,ION Mystery,
391 A&E Crime 360,A&E Crime 360,
407 Fox Soul,FOX Soul,
443 NHL,NHL Network HD,215
449 PGA TOUR,PGA Tour,
458 Fox Sports,FOX Sports 1,219
459 NBC Sports NOW,NBC Sports NOW,
465 FanDuel TV Extra,Fanduel TV Extra,
466 ESPN 8: The Ocho,ESPN8: The Ocho,
467 CBS Sports HQ,CBS Sports HQ,
468 MSG SportsZone,MSG SportsZone,
469 NESN Nation,NESN Nation,
475 HBO Boxing,HBO Boxing,
479 MavTV Select,RACER Select,214
484 Red Bull TV,Red Bull TV,
486 GOLFPASS,GolfPass,
512 Comedy Central Pluto TV,Comedy Central HD,249
514 Slightly Off IFC,IFC HD,33
6abc Philadelphia,ABC (WABC) NEW YORK,7
801 CNN Xpress,CNN Xpress,
812 TuDiscovery,Discovery Turbo,281
A&E US Eastern Feed HD,A&E HD,265
A&E US Eastern Feed SD,A&E SD,265
ABC,ABC (WABC) NEW YORK,7
ABC (KABC) Los Angeles HD,ABC (KABC) LOS ANGELES HD,6
ABC (KABC) Los Angeles SD,ABC (KABC) LOS ANGELES SD,6
ABC (WSOC),ABC (WABC) NEW YORK,7
ABC 10 (KAKE) WICHITA,ABC (KABC) LOS ANGELES,6
ABC 10 (KGTV) SAN DIEGO,ABC (KABC) LOS ANGELES,6
ABC 10 (KXTV) SACRAMENTO,ABC (KABC) LOS ANGELES,6
ABC 10 (WALB-DT2) ALBANY,ABC (WABC) NEW YORK,7
ABC 10 (WDIO) DULUTH/SUPERIOR,ABC (WABC) NEW YORK,7
ABC 10 (WPLG) MIAMI,ABC (WABC) NEW YORK,7
ABC 10 (WTEN) ALBANY,ABC (WABC) NEW YORK,7
ABC 11 (WHAS) LOUISVILLE,ABC (WABC) NEW YORK,7
ABC 11 (WJHL-DT2) TRI-CITIES,ABC (WABC) NEW YORK,7
ABC 11 (WTOK) MERIDIAN,ABC (WABC) NEW YORK,7
ABC 11 (WTVD) RALEIGH-DURHAM,ABC (WABC) NEW YORK,7
ABC 12 (KBMT) PORT ARTHUR,ABC (KABC) LOS ANGELES,6
ABC 12 (KDRV) MEDFORD,ABC (KABC) LOS ANGELES,6
ABC 12 (KSAT) SAN ANTONIO,ABC (KABC) LOS ANGELES,6
ABC 12 (WISN) MILWAUKEE,ABC (WABC) NEW YORK,7
ABC 13 (KTNV) LAS VEGAS,ABC (KABC) LOS ANGELES,6
ABC 13 (KTRK) HOUSTON,ABC (KABC) LOS ANGELES,6
ABC 13 (KYUR) ANCHORAGE,ABC (KABC) LOS ANGELES,6
ABC 13 (WVEC) NORFOLK,ABC (WABC) NEW YORK,7
ABC 13 (WZZM) GRAND RAPIDS,ABC (WABC) NEW YORK,7
ABC 16 (WNEP) WILKES BARRE,ABC (WABC) NEW YORK,7
ABC 2 (KATU) PORTLAND,ABC (KABC) LOS ANGELES,6
ABC 2 (WBAY-TV2) GREEN BAY/APPLETON,ABC (WABC) NEW YORK,7
ABC 2 (WKRN) NASHVILLE,ABC (WABC) NEW YORK,7
ABC 2 (WMAR) BALTIMORE,ABC (WABC) NEW YORK,7
ABC 2 (WSB) ATLANTA,ABC (WABC) NEW YORK,7
ABC 20 (WCJB) GAINESVILLE,ABC (WABC) NEW YORK,7
ABC 21 (WPTA) FORT WAYNE,ABC (WABC) NEW YORK,7
ABC 22 (WKEF) DAYTON,ABC (WABC) NEW YORK,7
ABC 24 (WATN) MEMPHIS,ABC (WABC) NEW YORK,7
ABC 25 (WTLV/WJXX) JACKSONVILLE,ABC (WABC) NEW YORK,7
ABC 27 (WKOW) MADISON,ABC (WABC) NEW YORK,7
ABC 28 (KAMC) LUBBOCK,ABC (KABC) LOS ANGELES,6
ABC 28 (WFTS) TAMPA/SAINT PETERSBURG,ABC (WABC) NEW YORK,7
ABC 29 (WGTU) CADILLAC/TRAVERSE CITY,ABC (WABC) NEW YORK,7
ABC 3 (KEYT) SANTA BARBARA/SANTA MARIA/SAN LUIS OBISPO,ABC (KABC) LOS ANGELES,6
ABC 3 (KIII) CORPUS CHRISTI,ABC (KABC) LOS ANGELES,6
ABC 3 (KTBS) SHREVEPORT,ABC (KABC) LOS ANGELES,6
ABC 3 (WSIL) PADUCAH/CAPE GIRARDEAU/HARRISBURG/MT VERNO,ABC (WABC) NEW YORK,7
ABC 30 (KFSN) FRESNO/VISALIA,ABC (KABC) LOS ANGELES,6
ABC 33 (KSPR) MISSOURI,ABC (KABC) LOS ANGELES,6
ABC 34 (WIVT) BINGHAMTON,ABC (WABC) NEW YORK,7
ABC 4 (KITV) HONOLULU,ABC (KABC) LOS ANGELES,6
ABC 4 (KOMO) SEATTLE,ABC (KABC) LOS ANGELES,6
ABC 4 (KTVX) SALT LAKE CITY,ABC (KABC) LOS ANGELES,6
ABC 4 (WCIV) CHARLESTON,ABC (WABC) NEW YORK,7
ABC 4 (WTAE) PITTSBURGH,ABC (WABC) NEW YORK,7
ABC 45 (WXLV) WINSTON-SALEEM,ABC (WABC) NEW YORK,7
ABC 5 (KRGV) HARLINGEN/WESLACO/BROWNSVILLE/MCALLEN,ABC (KABC) LOS ANGELES,6
ABC 5 (KSTP) ST. PAUL,ABC (KABC) LOS ANGELES,6
ABC 5 (WCVB) BOSTON,ABC (WABC) NEW YORK,7
ABC 5 (WEWS) CLEVELAND,ABC (WABC) NEW YORK,7
ABC 6 (WDAY) FARGO/VALLEY CITY,ABC (WABC) NEW YORK,7
ABC 6 (WJBF) AUGUSTA,ABC (WABC) NEW YORK,7
ABC 6 (WPVI) PHILADELPHIA,ABC (WABC) NEW YORK,7
ABC 6 (WRTV) INDIANAPOLIS,ABC (WABC) NEW YORK,7
ABC 7 (KABC) LOS ANGELES,ABC (KABC) LOS ANGELES HD,6
ABC 7 (KGO) SAN FRANCISCO,ABC (KABC) LOS ANGELES,6
ABC 7 (KMGH) DENVER,ABC (KABC) LOS ANGELES,6
ABC 7 (KOAT) NEW MEXICO,ABC (KABC) LOS ANGELES,6
ABC 7 (KVIA) EL PASO,ABC (KABC) LOS ANGELES,6
ABC 7 (WABC) NEW YORK,ABC (WABC) NEW YORK HD,7
ABC 7 (WLS) CHICAGO,ABC (WABC) NEW YORK,7
ABC 7 (WXYZ) DETROIT,ABC (WABC) NEW YORK,7
ABC 8 (KTUL) TULSA,ABC (KABC) LOS ANGELES,6
ABC 8 (WFAA) DALLAS,ABC (WABC) NEW YORK,7
ABC 8 (WMTW) PORTLAND/AUBURN,ABC (WABC) NEW YORK,7
ABC 8 (WQAD) MOLINE,ABC (WABC) NEW YORK,7
ABC 8 (WRIC) PETERSBURG,ABC (WABC) NEW YORK,7
ABC 8 (WTNH) HARTFORD/NEW HAVEN,ABC (WABC) NEW YORK,7
ABC 9 (KMBC) KANSAS CITY,ABC (KABC) LOS ANGELES,6
ABC 9 (WFTV) ORLANDO,ABC (WABC) NEW YORK,7
ABC 9 (WSOC) CHARLOTTE,ABC (WABC) NEW YORK,7
ABC 9 (WSYR) SYRACUSE,ABC (WABC) NEW YORK,7
ABC News Live,ABC NEWS LIVE,
ABC News Live (USA),ABC NEWS LIVE,
ABC USA (WABC),ABC (WABC) NEW YORK HD,7
ABC USA (WFTS),ABC (WABC) NEW YORK,7
ABC2 (WBRZ) BATON ROUGE,ABC (WABC) NEW YORK,7
ABC7 Bay Area,ABC (KABC) LOS ANGELES,6
ABC7 Chicago,ABC (WABC) NEW YORK,7
ABC7 Los Angeles,ABC (KABC) LOS ANGELES HD,6
ABC7 New York,ABC (WABC) NEW YORK HD,7
ABC7 Sarasota,ABC (WABC) NEW YORK,7
ACC Digital Network (USA),ACC Digital Network,
ACC NETWORK,ACC Network HD,612
ACC Network (Alternate),ACC Network,612
ACCDN,ACC Digital Network,
Altitude Sports,Altitude Sports HD,681
Altitude Sports Denver HD,Altitude Sports HD,681
Altitude Sports Denver SD,Altitude Sports SD,681
AMC,AMC HD,254
AMC East (1080p),AMC HD,254
AMC (Alternate 2),AMC,254
AMC (Alternate),AMC,254
AMC East,AMC HD,254
AMC Eastern Feed HD,AMC HD,254
AMC Eastern Feed SD,AMC SD,254
Animal Planet,Animal Planet HD,282
Animal Planet (Alternate),Animal Planet,282
Animal Planet US East HD,Animal Planet HD,282
Animal Planet US East SD,Animal Planet SD,282
AXS TV Now,AXS TV,340
Bally Sports Midwest,Fanduel Sports Network Midwest,671
Bally Sports South,Fanduel Sports Network South HD,646
BBC AMERICA,BBC America HD,264
BBC America (Alternate),BBC America,264
BBC America East HD,BBC America HD,264
BBC America East SD,BBC America SD,264
BBC News,BBC NEWS,346
BBC News (North America),BBC NEWS,346
BBC News (USA),BBC NEWS,346
BBC News North America HD HD,BBC NEWS HD,346
BBC News North America HD SD,BBC NEWS SD,346
BBC WORLD NEWS,News,
Big 12 Studios (USA),Big 12 Studios,
Bounce (Alternate),Bounce XL,82
Bounce XL (USA),Bounce XL HD,82
CBS,CBS (WCBS) NEW YORK HD,3
CBS (KCBS) Los Angeles HD,CBS (KCBS) LOS ANGELES HD,2
CBS (KCBS) Los Angeles SD,CBS (KCBS) LOS ANGELES SD,2
CBS (KKTV),CBS (KCBS) LOS ANGELES HD,2
CBS (KTXA) FORT WORTH,CBS (KCBS) LOS ANGELES,2
CBS (WHIO),CBS (WCBS) NEW YORK,3
CBS (WKMG),CBS (WCBS) NEW YORK,3
CBS (WSBK),CBS (WCBS) NEW YORK,3
CBS 10 (KLFY) LAFAYETTE,CBS (KCBS) LOS ANGELES,2
CBS 10 (KOLR) SPRINGFIELD,CBS (KCBS) LOS ANGELES,2
CBS 10 (KTVL) MEDFORD,CBS (KCBS) LOS ANGELES,2
CBS 10 (KZTV) CORPUS CHRISTI,CBS (KCBS) LOS ANGELES,2
CBS 10 (WBNS) COLUMBUS,CBS (WCBS) NEW YORK,3
CBS 10 (WTAJ) ALTOONA,CBS (WCBS) NEW YORK,3
CBS 11 (KELO) SIOUX FALLS,CBS (KCBS) LOS ANGELES,2
CBS 11 (KHOU) HOUSTON,CBS (KCBS) LOS ANGELES,2
CBS 11 (KTHV) LITTLE ROCK,CBS (KCBS) LOS ANGELES,2
CBS 11 (WJHL) JOHNSON CITY,CBS (WCBS) NEW YORK,3
CBS 11 (WTOL) TOLEDO,CBS (WCBS) NEW YORK,3
CBS 12 (KCOY) SANTA BARBARA/SANTA MARIA/SAN LUIS OBISPO,CBS (KCBS) LOS ANGELES,2
CBS 12 (KFVS) PADUCAH/CAPE GIRARDEAU/HARRISBURG/MT VERNO,CBS (KCBS) LOS ANGELES,2
CBS 12 (WBNG) BINGHAMTON,CBS (WCBS) NEW YORK,3
CBS 12 (WDEF) CHATTANOOGA,CBS (WCBS) NEW YORK,3
CBS 12 (WJTV) JACKSON,CBS (WCBS) NEW YORK,3
CBS 12 (WKRC) CINCINNATI,CBS (WCBS) NEW YORK,3
CBS 12 (WPEC) WEST PALM BEACH,CBS (WCBS) NEW YORK,3
CBS 12 (WPRI) PROVIDENCE,CBS (WCBS) NEW YORK,3
CBS 13 (KLBK) LUBBOCK,CBS (KCBS) LOS ANGELES,2
CBS 13 (KRQE) ALBUQUERQUE,CBS (KCBS) LOS ANGELES,2
CBS 13 (WBTW) FLORENCE,CBS (WCBS) NEW YORK,3
CBS 13 (WGME) PORTLAND/AUBURN,CBS (WCBS) NEW YORK,3
CBS 13 (WJZ) BALTIMORE,CBS (WCBS) NEW YORK,3
CBS 13 (WMAZ) MACON,CBS (WCBS) NEW YORK,3
CBS 13 (WOWK) HUNTINGTON,CBS (WCBS) NEW YORK,3
CBS 15 (WANE) FORT WAYNE,CBS (WCBS) NEW YORK,3
CBS 17 (WNCN) GOLDSBORO,CBS (WCBS) NEW YORK,3
CBS 19 (WLTX) COLUMBIA,CBS (WCBS) NEW YORK,3
CBS 19 (WOIO) CLEVELAND,CBS (WCBS) NEW YORK,3
CBS 19 (WOIO) SHAKER HEIGHTS,CBS (WCBS) NEW YORK,3
CBS 2 (KBOI) BOISE,CBS (KCBS) LOS ANGELES,2
CBS 2 (KCBS) LOS ANGELES,CBS (KCBS) LOS ANGELES HD,2
CBS 2 (KDKA) PITTSBURGH,CBS (WCBS) NEW YORK,3
CBS 2 (KGAN) CEDAR RAPIDS,CBS (KCBS) LOS ANGELES,2
CBS 2 (KREM) SPOKANE,CBS (KCBS) LOS ANGELES,2
CBS 2 (KTVN) RENO,CBS (KCBS) LOS ANGELES,2
CBS 2 (KUTV) SALT LAKE CITY,CBS (KCBS) LOS ANGELES,2
CBS 2 (WBBM) CHICAGO,CBS (WCBS) NEW YORK,3
CBS 2 (WCBS) NEW YORK,CBS (WCBS) NEW YORK HD,3
CBS 2 (WFMY) GREENSBORO/HIGH POINT/WINSTON-SALEM,CBS (WCBS) NEW YORK,3
CBS 21 (WHP) HARRISBURG,CBS (WCBS) NEW YORK,3
CBS 22 (KTVA) ANCHORAGE,CBS (KCBS) LOS ANGELES,2
CBS 22 (WYOU) SCRANTON,CBS (WCBS) NEW YORK,3
CBS 27 (WKBN) YOUNGSTOWN,CBS (WCBS) NEW YORK,3
CBS 29 (KBAK) BAKERSFIELD,CBS (KCBS) LOS ANGELES,2
CBS 29 (KIMA) YAKIMA,CBS (KCBS) LOS ANGELES,2
CBS 3 (WBTV) CHARLOTTE,CBS (WCBS) NEW YORK,3
CBS 3 (WCIA) CHAMPAIGN,CBS (WCBS) NEW YORK,3
CBS 3 (WFSB) HARTFORD,CBS (WCBS) NEW YORK,3
CBS 3 (WWAY) WILMINGTON,CBS (WCBS) NEW YORK,3
CBS 3 (WWMT) KALAMAZOO,CBS (WCBS) NEW YORK,3
CBS 31 (WMBD) PEORIA,CBS (WCBS) NEW YORK,3
CBS 4 (KCNC) DENVER,CBS (KCNC) DENVER,21
CBS 4 (KDBC) EL PASO,CBS (KCBS) LOS ANGELES,2
CBS 4 (KGBT) HARLINGEN,CBS (KCBS) LOS ANGELES,2
CBS 4 (WBZ) BOSTON,CBS (WBZ) BOSTON,31
CBS 4 (WCBI) COLUMBUS,CBS (WCBS) NEW YORK,3
CBS 4 (WCCO) MINNEAPOLIS/ST. PAUL,CBS (WCBS) NEW YORK,3
CBS 4 (WFOR) MIAMI,CBS (WCBS) NEW YORK,3
CBS 4 (WGFL) GAINESVILLE,CBS (WCBS) NEW YORK,3
CBS 4 (WHBF) ROCK ISLAND,CBS (WCBS) NEW YORK,3
CBS 4 (WIVB) BUFFALO,CBS (WCBS) NEW YORK,3
CBS 4 (WWL) NEW ORLEANS,CBS (WCBS) NEW YORK,3
CBS 42 (WIAT) BIRMINGHAM,CBS (WCBS) NEW YORK,3
CBS 46 (WGCL) ATLANTA,CBS (WCBS) NEW YORK,3
CBS 47 (KGPE) FRENSO,CBS (KCBS) LOS ANGELES,2
CBS 47 (WJAX) JACKSONVILLE,CBS (WCBS) NEW YORK,3
CBS 5 (KCTV) KANSAS CITY,CBS (KCBS) LOS ANGELES,2
CBS 5 (KENS) SAN ANTONIO,CBS (KCBS) LOS ANGELES,2
CBS 5 (KFSM) FT. SMITH,CBS (KCBS) LOS ANGELES,2
CBS 5 (KGMB) HONOLULU,CBS (KCBS) LOS ANGELES,2
CBS 5 (KPIX) SAN FRANCISCO,CBS (KCBS) LOS ANGELES,2
CBS 5 (WCSC) CHARLESTON,CBS (WCBS) NEW YORK,3
CBS 5 (WFRV) GREEN BAY,CBS (WCBS) NEW YORK,3
CBS 5 (WKRG) MOBILE,CBS (WCBS) NEW YORK,3
CBS 5 (WTVF) NASHVILLE,CBS (WCBS) NEW YORK,3
CBS 5 (WTVH) SYRACUSE,CBS (WCBS) NEW YORK,3
CBS 58 (WDJT) MILWAUKEE,CBS (WCBS) NEW YORK,3
CBS 6 (KOIN) PORTLAND,CBS (KCBS) LOS ANGELES,2
CBS 6 (KOTV) TULSA,CBS (KCBS) LOS ANGELES,2
CBS 6 (WCTV) TALLAHASSEE,CBS (WCBS) NEW YORK,3
CBS 6 (WKMG) ORLANDO,CBS (WCBS) NEW YORK,3
CBS 6 (WLNS) LANSING,CBS (WCBS) NEW YORK,3
CBS 6 (WRGB) SCHENECTADY,CBS (WCBS) NEW YORK,3
CBS 62 (WWJ) DETROIT,CBS (WCBS) NEW YORK,3
CBS 7 (KIRO) SEATTLE,CBS (KCBS) LOS ANGELES,2
CBS 7 (WDBJ) ROANOKE,CBS (WCBS) NEW YORK,3
CBS 7 (WSPA) SPARTANBURG,CBS (WCBS) NEW YORK,3
CBS 8 (KFMB) SAN DIEGO,CBS (KCBS) LOS ANGELES,2
CBS 8 (KLAS) LAS VEGAS,CBS (KCBS) LOS ANGELES,2
CBS 8 (WAKA) SELMA,CBS (WCBS) NEW YORK,3
CBS 8 (WKBT) LA CROSSE,CBS (WCBS) NEW YORK,3
CBS 9 (KWTV) OKLAHOMA CITY,CBS (KCBS) LOS ANGELES,2
CBS 9 (WNCT) GREENVILLE,CBS (WCBS) NEW YORK,3
CBS 9 (WUSA) WASHINGTON,CBS (WCBS) NEW YORK,3
CBS News,CBS NEWS,
CBS News 24/7,CBS NEWS 24/7,
CBS News 24/7 (USA),CBS NEWS 24/7,
CBS Sports HQ (USA),CBS Sports HQ,
CBS SPORTS NETWORK,CBS Sports Network,221
CBS Sports Network USA HD,CBS Sports Network HD,221
CBS Sports Network USA SD,CBS Sports Network SD,221
CHGO Sports,Chicago Sports Network,
CINEMAX (Alternate),Cinemax,515
CINEMAX EAST,Cinemax HD,515
Cinemax Eastern Feed HD,Cinemax HD,515
Cinemax Eastern Feed SD,Cinemax SD,515
CINEMAX MOREMAX,MoreMax HD,
CINEMAX WEST,Cinemax,515
CNBC USA HD,CNBC HD,355
CNBC USA SD,CNBC SD,355
CNN HEADLINES,CNN Headlines,
CNN INTERNATIONAL,CNN International,
CNN US HD,CNN HD,202
CNN US SD,CNN SD,202
CNN XPRESS,CNN Xpress,
COMEDY CENTRAL,Comedy Central HD,249
COMEDY CENTRAL (Alternate),Comedy Central,249
Comedy Central (US) Eastern Feed HD,Comedy Central HD,249
Comedy Central (US) Eastern Feed SD,Comedy Central SD,249
Comedy Central Pluto TV,Comedy Central HD,249
COOKING,The Cooking Channel HD,232
COOKING (Alternate),The Cooking Channel,232
Cooking Channel HD,The Cooking Channel HD,232
CW (KFMB-TV2) San Diego HD,CW (KTLA) LOS ANGELES,34
CW (KFMB-TV2) San Diego SD,CW (KTLA) LOS ANGELES,34
CW (KTLA) LOS ANGELES,CW (KTLA) LOS ANGELES HD,34
CW (WDCW) District of Columbia HD,CW (WPIX) NEW YORK,35
CW (WDCW) District of Columbia SD,CW (WPIX) NEW YORK SD,35
CW (WKCF),CW (WPIX) NEW YORK,35
CW (WPIX) NEW YORK HD,CW (WPIX) NEW YORK HD,35
CW (WPIX) NEW YORK SD,CW (WPIX) NEW YORK SD,35
CW 14 (WCWF) GREEN BAY/APPLETON,CW (WPIX) NEW YORK,35
CW 17 (WCWJ) JACKSONVILLE,CW (WPIX) NEW YORK,35
CW 18 (WCCB) CHARLOTTE,CW (WPIX) NEW YORK,35
CW 18 (WKCF) DAYTONA BEACH ORLANDO,CW (WPIX) NEW YORK,35
CW 18 (WVTV) MILWAUKEE,CW (WPIX) NEW YORK,35
CW 19 (KQCW) TULSA,CW (KTLA) LOS ANGELES,34
CW 19 (WPCW) PITTSBURGH,CW (WPIX) NEW YORK,35
CW 21 (KPXJ) SHREVEPORT,CW (KTLA) LOS ANGELES,34
CW 23 (WNLO) BUFFALO,CW (WPIX) NEW YORK,35
CW 24 (KNVN) CHICO-REDDING,CW (KTLA) LOS ANGELES,34
CW 30 (WLMT) MEMPHIS,CW (WPIX) NEW YORK,35
CW 31 (KMAX) SACRAMENTO,CW (KTLA) LOS ANGELES,34
CW 33 (KVCW) LAS VAGAS,CW (KTLA) LOS ANGELES,34
CW 4 (KRON) SAN FRANCISCO,CW (KTLA) LOS ANGELES,34
CW 44 (WTOG) ST. PETERSBURG,CW (WPIX) NEW YORK,35
CW 46 (WXCW) FORT MYERS,CW (WPIX) NEW YORK,35
CW 54 (WNUV) BALTIMORE,CW (WPIX) NEW YORK,35
CW 57 (WPSG) PHILADELPHIA,CW (WPIX) NEW YORK,35
CW 6 (KSBY-DT2) SANTA BARBARA/SANTA MARIA/SAN LUIS OBISPO,CW (KTLA) LOS ANGELES,34
CW 6 (WBDT) DAYTON,CW (WPIX) NEW YORK,35
CW 69 (WUPA) ATLANTA,CW (WPIX) NEW YORK,35
CW PIX11 (WPIX) NEW YORK,CW (WPIX) NEW YORK HD,35
Discovery Channel,Discovery Channel HD,278
Discovery Channel (Alternate),Discovery Channel,278
Discovery Channel (US) Eastern Feed HD,Discovery Channel HD,278
Discovery Channel (US) Eastern Feed SD,Discovery Channel SD,278
DISCOVERY FAMILY CHANNEL,Discovery Family Channel HD,
Discovery HD,Discovery Channel HD,278
DISCOVERY LIFE,Discovery Life Channel HD,
Discovery Life HD,Discovery Life Channel HD,
DISNEY CHANNEL,Disney Channel,290
Disney Channel (East) HD,Disney Channel,290
Disney Eastern Feed HD,Disney Channel,290
Disney Eastern Feed SD,Disney Channel SD,290
DIY,Magnolia,230
DOCUMENTARY+,Documentary+,
Documentary+ (USA),Documentary+,
E! East,E!,236
E! Entertainment USA Eastern Feed HD,E! HD,
E! Entertainment USA Eastern Feed SD,E! SD,
ESPN 2,ESPN2,209
ESPN News HD,ESPN NEWS HD,207
ESPN News SD,ESPN NEWS SD,207
ESPN U,ESPNU HD,208
ESPN U HD,ESPNU HD,208
ESPN U SD,ESPNU SD,208
ESPN8: The Ocho (USA),ESPN8: The Ocho,
FanDuel Sports Florida,Fanduel Sports Network Florida HD,
FanDuel Sports Great Lakes,Fanduel Sports Network Great Lakes HD,
Fanduel Sports Indiana HD,Fanduel Sports Network Indiana HD,
Fanduel Sports Indiana SD,Fanduel Sports Network Indiana SD,
FanDuel Sports Midwest,Fanduel Sports Network Midwest,671
Fanduel Sports Network Detroit HD,Fanduel Sports Network Detroit HD,663
Fanduel Sports Network Detroit SD,Fanduel Sports Network Detroit SD,663
FanDuel Sports North,Fanduel Sports Network North HD,668
FanDuel Sports South,Fanduel Sports Network South HD,646
Fanduel Sports Southeast Georgia HD,Fanduel Sports Network Georgia HD,
Fanduel Sports Southeast Georgia SD,Fanduel Sports Network Georgia SD,
Fanduel Sports Southeast North Carolina HD,Fanduel Sports Network Southeast North Carolina HD,
Fanduel Sports Southeast North Carolina SD,Fanduel Sports Network Southeast North Carolina SD,
Fanduel Sports Southeast South Carolina HD,Fanduel Sports Network Southeast South Carolina HD,
Fanduel Sports Southeast South Carolina SD,Fanduel Sports Network Southeast South Carolina SD,
Fanduel Sports Southeast Tennessee Nashville HD,Fanduel Sports Network Southeast Tennessee Nashville HD,
Fanduel Sports Southeast Tennessee Nashville SD,Fanduel Sports Network Southeast Tennessee Nashville SD,
FanDuel Sports Sun,Fanduel Sports Network Sun HD,653
Fanduel Sports Sun HD,Fanduel Sports Network Sun HD,653
Fanduel Sports Sun SD,Fanduel Sports Network Sun SD,653
Fanduel Sports Tennessee East HD,Fanduel Sports Network Tennessee East HD,
Fanduel Sports Tennessee East SD,Fanduel Sports Network Tennessee East SD,
FanDuel Sports West,Fanduel Sports Network West HD,
FanDuel Sports Wisconsin,Fanduel Sports Network Wisconsin HD,669
FanDuel TV,Fanduel TV,602
FanDuel TV Extra,Fanduel TV Extra,
FanDuel TV Extra (USA),Fanduel TV Extra,
FETV (Alternate),FETV,323
FOOD NETWORK,Food Network HD,231
Food Network USA Eastern Feed HD,Food Network HD,231
Food Network USA Eastern Feed SD,Food Network SD,231
FOX,FOX (WNYW) NEW YORK HD,11
FOX (KTTV) Los Angeles HD,FOX (KTTV) LOS ANGELES HD,10
FOX (WHBQ),FOX (WNYW) NEW YORK,11
FOX (WJAX),FOX (WNYW) NEW YORK,11
FOX 10 (KIDY) SAN ANGELO,FOX (KTTV) LOS ANGELES,10
FOX 10 Phoenix,FOX (KTTV) LOS ANGELES,10
FOX 11 (KMSB) TUCSON,FOX (KTTV) LOS ANGELES,10
FOX 11 (KTTV) LOS ANGELES,FOX (KTTV) LOS ANGELES HD,10
FOX 11 (WLUK) GREEN BAY,FOX (WNYW) NEW YORK,11
FOX 11 Los Angeles,FOX (KTTV) LOS ANGELES HD,10
FOX 12 (KPTV) PORTLAND,FOX (KTTV) LOS ANGELES,10
FOX 13 (KCPQ) SEATTLE,FOX (KTTV) LOS ANGELES,10
FOX 13 (KSTU) SALT LAKE CITY,FOX (KTTV) LOS ANGELES,10
FOX 13 (WTVT) TAMPA,FOX (WNYW) NEW YORK,11
FOX 13 Seattle,FOX (KTTV) LOS ANGELES,10
FOX 13 Tampa Bay,FOX (WNYW) NEW YORK,11
FOX 15 (KXVA) ABILENE,FOX (KTTV) LOS ANGELES,10
FOX 17 (WZTV) NASHVILLE,FOX (WNYW) NEW YORK,11
FOX 2 (KHON) HONOLULU,FOX (KTTV) LOS ANGELES,10
FOX 2 (KTVI) ST. LOUIS,FOX (KTTV) LOS ANGELES,10
FOX 2 (KTVU) SAN FRANCISCO,FOX (KTTV) LOS ANGELES,10
FOX 2 (WJBK) DETROIT,FOX (WNYW) NEW YORK,11
FOX 2 Detroit,FOX (WNYW) NEW YORK,11
FOX 2 San Francisco,FOX (KTTV) LOS ANGELES,10
FOX 23 (KOKI) TULSA,FOX (KTTV) LOS ANGELES,10
FOX 23 (WPFO) PORTLAND/AUBURN,FOX (WNYW) NEW YORK,11
FOX 24 (WGXA) MACON,FOX (WNYW) NEW YORK,11
FOX 25 (KOKH) OKLAHOMA CITY,FOX (WNYW) NEW YORK,11
FOX 25 (WFXT) BOSTON,FOX (WFXT) BOSTON,
FOX 26 (KMVU) MEDFORD,FOX (KTTV) LOS ANGELES,10
FOX 26 (KRIV) HOUSTON,FOX (KTTV) LOS ANGELES,10
FOX 26 Houston,FOX (WNYW) NEW YORK,11
FOX 29 (KABB) SAN ANTONIO,FOX (KTTV) LOS ANGELES,10
FOX 29 (WUTV) BUFFALO,FOX (WNYW) NEW YORK,11
FOX 29 Philadelphia,FOX (WNYW) NEW YORK,11
FOX 30 (WFOX) JACKSONVILLE,FOX (WNYW) NEW YORK,11
FOX 31 (KDVR) DENVER,FOX (KDVR) DENVER,
FOX 32 (WFLD) CHICAGO,FOX (WNYW) NEW YORK,11
FOX 32 Chicago,FOX (WNYW) NEW YORK,11
FOX 35 (WOFL) ORLANDO,FOX (WNYW) NEW YORK,11
FOX 35 Orlando,FOX (WNYW) NEW YORK,11
FOX 4 (KDFW) DALLAS,FOX (KTTV) LOS ANGELES,10
FOX 4 (KTBY) ANCHORAGE,FOX (KTTV) LOS ANGELES,10
FOX 4 (WDAF) KANSAS CITY,FOX (WNYW) NEW YORK,11
FOX 4 Dallas | Fort Worth,FOX (WNYW) NEW YORK,11
FOX 40 (KTXL) SACRAMENTO,FOX (KTTV) LOS ANGELES,10
FOX 40 (WICZ) BINGHAMTON,FOX (WNYW) NEW YORK,11
FOX 43 (WPMT) HARRISBURG,FOX (WNYW) NEW YORK,11
FOX 43 (WVBT) HAMPTON ROADS,FOX (WNYW) NEW YORK,11
FOX 44 (WGMB) BATON ROUGE,FOX (WNYW) NEW YORK,11
FOX 45 (WBFF) BALTIMORE,FOX (WNYW) NEW YORK,11
FOX 5 (KVVU) LAS VAGAS,FOX (KTTV) LOS ANGELES,10
FOX 5 (WAGA) ATLANTA,FOX (WNYW) NEW YORK,11
FOX 5 (WNYW) NEW YORK,FOX (WNYW) NEW YORK HD,11
FOX 5 (WTTG) WASHINGTON,FOX (WNYW) NEW YORK,11
FOX 5 Atlanta,FOX (WNYW) NEW YORK,11
FOX 5 New York,FOX (WNYW) NEW YORK HD,11
FOX 5 Washington DC,FOX (WNYW) NEW YORK,11
FOX 51 (WOGX) OCALA,FOX (WNYW) NEW YORK,11
FOX 54 (WZDX) HUNTSVILLE,FOX (WNYW) NEW YORK,11
FOX 55 (WFFT) FORT WAYNE,FOX (WNYW) NEW YORK,11
FOX 59 (WXIN) INDIANAPOLIS,FOX (WNYW) NEW YORK,11
FOX 6 (WITI) MILWAUKEE,FOX (WNYW) NEW YORK,11
FOX 6 Milwaukee,FOX (WNYW) NEW YORK,11
FOX 61 (WTIC) HARTFORD,FOX (WNYW) NEW YORK,11
FOX 62 (WYFX) YOUNGSTON,FOX (WNYW) NEW YORK,11
FOX 7 (WSVN) MIAMI,FOX (WNYW) NEW YORK,11
FOX 7 Austin,FOX (WNYW) NEW YORK,11
FOX 8 (WGHP) HIGH POINT,FOX (WNYW) NEW YORK,11
FOX 8 (WJW) CLEVELAND,FOX (WNYW) NEW YORK,11
FOX 8 (WVUE) NEW ORLEANS,FOX (WNYW) NEW YORK,11
FOX 9 (KMSP) MINNEAPOLIS,FOX (KTTV) LOS ANGELES,10
FOX 9 (WFTS) MINNEAPOLIS/ST. PAUL,FOX (WNYW) NEW YORK,11
FOX 9 (WTVC) CHATTANOOGA,FOX (WNYW) NEW YORK,11
FOX 9 Minneapolis-St. Paul,FOX (WNYW) NEW YORK,11
FOX 9+ MINNEAPOLIS/ST. PAUL,FOX (WNYW) NEW YORK,11
FOX Business Network,FOX Business,359
Fox Business Network HD,FOX Business HD,359
Fox News,FOX NEWS,360
FOX News Channel,FOX NEWS,360
FOX News Channel HD,FOX NEWS HD,360
Fox News HD,FOX NEWS HD,360
Fox News SD,FOX NEWS SD,360
FOX SOUL,FOX Soul,
FOX SOUL (USA),FOX Soul,
FOX Sports,FOX Sports 1,219
FOX Sports (USA),FOX Sports 1,219
Fox Sports 1 HD,FOX Sports 1 HD,219
Fox Sports 1 SD,FOX Sports 1 SD,219
Fox Sports 2 HD,FOX Sports 2 HD,618
Fox Sports 2 SD,FOX Sports 2 SD,618
FOX Sports on Tubi,FOX Sports 1,219
FOX USA (WFLX),FOX (WNYW) NEW YORK,11
Freeform,Freeform HD,311
Freeform East Feed HD,Freeform HD,311
Freeform East Feed SD,Freeform SD,311
FS1,FOX Sports 1,219
FS1 HD,FOX Sports 1 HD,219
FS2 HD,FOX Sports 2 HD,618
Fuse,Fuse HD,339
Fuse (Alternate),Fuse,339
Fuse HD HD,Fuse HD,339
FUSE TV Eastern feed HD,Fuse HD,339
FUSE TV Eastern feed SD,Fuse SD,339
FX,FX HD,248
FX (Alternate),FX,248
FX Movie Channel HD,FX Movie HD,258
FX Movie Channel SD,FX Movie SD,258
FX Networks East Coast HD,FX HD,248
FX Networks East Coast SD,FX SD,248
FXX,FXX HD,259
FXX USA Eastern HD,FXX HD,259
FXX USA Eastern SD,FXX SD,259
FYI USA Eastern HD,FYI HD,266
FYI USA Eastern SD,FYI SD,266
Golf Channel USA FHD,Golf Channel FHD,218
Golf Channel USA HD,Golf Channel HD,218
Golf Channel USA SD,Golf Channel SD,218
Golf Network,Golf Channel,218
GOLFPASS,GolfPass,
GOLFPASS (USA),GolfPass,
Grit Xtra,Grit,81
Grit Xtra (USA),Grit,81
HBO,HBO HD,501
HBO 2 East HD,HBO 2 HD,
HBO 2 Eastern Feed HD,HBO 2 HD,
HBO 2 Eastern Feed SD,HBO 2 HD,
HBO Comedy HD East HD,HBO Comedy HD,506
HBO Comedy HD East SD,HBO Comedy SD,506
HBO Comedy HD HD,HBO Comedy HD,506
HBO East HD,HBO HD,501
HBO Eastern Feed HD,HBO HD,501
HBO Eastern Feed SD,HBO SD,501
HBO Family,HBO Family HD,
HBO Family (Alternate),HBO Family,
HBO Family East HD,HBO Family HD,
HBO Family Eastern Feed HD,HBO Family HD,
HBO Family Eastern Feed SD,HBO Family SD,
HBO Signature (HBO 3) Eastern HD,HBO Signature HD,
HBO Signature (HBO 3) Eastern SD,HBO Signature SD,
HBO Zone HD East HD,HBO Zone HD,
HBO Zone HD East SD,HBO Zone SD,
HBO Zone HD HD,HBO Zone HD,
HBO2,HBO 2 HD,
HBO2 (Alternate),HBO 2,
HGTV,HGTV HD,229
HGTV (Alternate),HGTV,229
HGTV USA Eastern Feed HD,HGTV HD,229
HGTV USA Eastern Feed SD,HGTV SD,229
History,History HD,269
History Channel US Eastern Feed HD,History HD,269
History Channel US Eastern Feed SD,History SD,269
ID (Investigation Discovery),Investigation Discovery HD,285
Independent Film Channel US HD,IFC HD,33
Independent Film Channel US SD,IFC SD,33
INSP TV,Inspiration,364
Investigation Discovery USA Eastern HD,Investigation Discovery HD,285
Investigation Discovery USA Eastern SD,Investigation Discovery SD,285
ION (USA),ION,12
ION (WPXX),ION,12
ION Eastern Feed HD,ION,12
ION Eastern Feed SD,ION SD,12
ION Mystery (USA),ION Mystery,
ION Mystery (WFXT),ION Mystery,
ION Plus (USA),ION Plus,
ION Television East HD HD,ION,12
KFSM CBS 5NEWS Fort Smith AR,News,
KFSN ABC30 Central CA,ABC (KABC) LOS ANGELES,6
KIDY FOX West Texas Abilene-San Angelo TX,FOX (KTTV) LOS ANGELES,10
KIVI Idaho News 6 Boise,KIVI NEWS 8 BOISE,
KOAM (FOX) NEWS NOW Joplin MO,News,
KTRK ABC13's 24/7 Streaming Channel,ABC (KABC) LOS ANGELES,6
KTVB 7 Idaho's News Channel Bosie ID,KTVB NEWS 7 BOISE,
Live NOW from FOX,LiveNOW from FOX,
LiveNOW from FOX (USA),LiveNOW from FOX,
MeTV,MeTV HD,77
MeTV Wjlp New Jerseynew York HD,MeTV HD,77
MeTV Wjlp New Jerseynew York SD,MeTV SD,77
Military Heroes (USA),Military Heroes,
Miramax Channel (USA),Miramax Movie Channel,
MLB,MLB Network,213
MLB Channel (USA),MLB Channel,
MoreMax Eastern HD,MoreMAX HD,
MoreMax Eastern SD,MoreMAX SD,
MotorTrend,Discovery Turbo,281
MotorTrend FAST TV,Discovery Turbo TV,
MotorTrend FAST TV (USA),Discovery Turbo TV,
MotorTrend HD HD,Discovery Turbo,281
MovieMax (Max 6) East HD,MovieMAX HD,
MovieMax (Max 6) East SD,MovieMAX SD,
MSG Madison Square Gardens HD,MSG,634
MSG Madison Square Gardens SD,MSG,634
MSG Sports Zone,MSG SportsZone,
MSG SportsZone (USA),MSG SportsZone,
MSG_PLUS FHD,MSG Plus FHD,
MSNBC (Alternate),MSNBC,
MSNBC USA HD,MSNBC HD,
MSNBC USA SD,MSNBC SD,
MY 12 (WTVZ) HAMPTON ROADS,MY Net East,
MY 13 (KCOP) LOS ANGELES,MY Net West,
MY 33 (WBFS) MIAMI,MY Net East,
MY 48 (WMYV) GREENBORO,MY Net East,
MY 49 (WNYO) BUFFALO,MY Net East,
MY 9 (WWOR) NEW YORK,MY Net East,
MYNetworkTV (WWOR),MY Net East,
Nat Geo WILD HD,National Geographic Wild HD,283
National Geographic,National Geographic HD,276
National Geographic US Eastern HD,National Geographic HD,276
National Geographic US Eastern SD,National Geographic SD,276
NBA,NBA TV,216
NBA TV USA HD,NBA TV HD,216
NBA TV USA SD,NBA TV SD,216
NBC,NBC (WNBC) NEW YORK,9
NBC (KNBC) Los Angeles HD,NBC (KNBC) LOS ANGELES HD,8
NBC (KNBC) Los Angeles SD,NBC (KNBC) LOS ANGELES SD,8
NBC 10 (KTEN) ADA,NBC (KNBC) LOS ANGELES,8
NBC 10 (WBIR) KNOXVILLE,NBC (WNBC) NEW YORK,9
NBC 10 (WCAU) PHILADELPHIA,NBC (WNBC) NEW YORK,9
NBC 10 (WHEC) ROCHESTER,NBC (WNBC) NEW YORK,9
NBC 10 (WIS) COLUMBIA,NBC (WNBC) NEW YORK,9
NBC 10 (WJAR) RHODE ISLAND,NBC (WNBC) NEW YORK,9
NBC 11 (KARE) MINNEAPOLIS,NBC (KNBC) LOS ANGELES,8
NBC 11 (KCBD) LUBBOCK,NBC (KNBC) LOS ANGELES,8
NBC 11 (KNTV) SAN JOSE,NBC (KNBC) LOS ANGELES,8
NBC 11 (KVLY) FARGO/VALLEY CITY,NBC (KNBC) LOS ANGELES,8
NBC 11 (WBAL) BALTIMORE,NBC (WNBC) NEW YORK,9
NBC 11 (WPXI) PITTSBURGH,NBC (WNBC) NEW YORK,9
NBC 11 (WXIA) ATLANTA,NBC (WNBC) NEW YORK,9
NBC 12 (KPNX) PHOENIX,NBC (KNBC) LOS ANGELES,8
NBC 12 (WBOY) CLARKSBURG,NBC (WNBC) NEW YORK,9
NBC 12 (WTLV) JACKSONVILLE,NBC (WNBC) NEW YORK,9
NBC 12 (WXII) WINSTON-SALEM,NBC (WNBC) NEW YORK,9
NBC 13 (KHNL) HONOLULU,NBC (KNBC) LOS ANGELES,8
NBC 13 (WHO) DES MOINES,NBC (WNBC) NEW YORK,9
NBC 13 (WTHR) INDIANAPOLIS,NBC (WNBC) NEW YORK,9
NBC 13 (WVTM) BIRMINGHAM,NBC (WNBC) NEW YORK,9
NBC 15 (WMTV) MADISON,NBC (WNBC) NEW YORK,9
NBC 15 (WTAP) PARKERSBURG,NBC (WNBC) NEW YORK,9
NBC 16 (KSAN) San Angelo,NBC (KNBC) LOS ANGELES,8
NBC 17 (KSNF) JOPLIN,NBC (KNBC) LOS ANGELES,8
NBC 2 (KJRH) TULSA,NBC (KNBC) LOS ANGELES,8
NBC 2 (KPRC) HOUSTON,NBC (KNBC) LOS ANGELES,8
NBC 2 (KTUU) ANCHORAGE,NBC (KNBC) LOS ANGELES,8
NBC 2 (WESH) DAYTONA BEACH/ORLANDO,NBC (WNBC) NEW YORK,9
NBC 2 (WGRZ) BUFFALO,NBC (WNBC) NEW YORK,9
NBC 2 (WLBZ/WCSH) BANGOR / PORTLAND,NBC (WNBC) NEW YORK,9
NBC 20 (WBBH) FORT MYERS,NBC (WNBC) NEW YORK,9
NBC 20 (WBGH) BINGHAMTON,NBC (WNBC) NEW YORK,9
NBC 21 (KNBN) RAPID CITY,NBC (KNBC) LOS ANGELES,8
NBC 21 (KNPG) ST. JOSEPH,NBC (KNBC) LOS ANGELES,8
NBC 21 (WPTA) FORT WAYNE,NBC (WNBC) NEW YORK,9
NBC 23 (KAGS) COLLEGE STATION,NBC (KNBC) LOS ANGELES,8
NBC 23 (KNDO) YAKIMA,NBC (KNBC) LOS ANGELES,8
NBC 24 (KNVNDT) CHICO/REDDING,NBC (KNBC) LOS ANGELES,8
NBC 24 (KSEE) FRESNO,NBC (KNBC) LOS ANGELES,8
NBC 25 (WEYI) SAGINAW,NBC (WNBC) NEW YORK,9
NBC 26 (WAGT) AUGUSTA,NBC (WNBC) NEW YORK,9
NBC 26 (WGBA) GREEN BAY,NBC (WNBC) NEW YORK,9
NBC 3 (KCRA) SACRAMENTO,NBC (KNBC) LOS ANGELES,8
NBC 3 (KSNV) LAS VEGAS,NBC (KNBC) LOS ANGELES,8
NBC 3 (WKYC) CLEVELAND,NBC (WNBC) NEW YORK,9
NBC 3 (WSAZ) HUNTINGTON,NBC (WNBC) NEW YORK,9
NBC 3 (WSTM) SYRACUSE,NBC (WNBC) NEW YORK,9
NBC 30 (WVIT) NEW BRITAIN,NBC (WNBC) NEW YORK,9
NBC 31 (WRDE) SALISBURY,NBC (WNBC) NEW YORK,9
NBC 31 (WTMO) ORLANDO,NBC (WNBC) NEW YORK,9
NBC 36 (WCNC) CHARLOTTE,NBC (WNBC) NEW YORK,9
NBC 39 (KNSD) SAN DIEGO,NBC (KNBC) LOS ANGELES,8
NBC 4 (KNBC) LOS ANGELES,NBC (KNBC) LOS ANGELES HD,8
NBC 4 (KVOA) TUCSON,NBC (KNBC) LOS ANGELES,8
NBC 4 (WCMH) COLUMBUS,NBC (WNBC) NEW YORK,9
NBC 4 (WDIV) DETROIT,NBC (WNBC) NEW YORK,9
NBC 4 (WNBC) NEW YORK,NBC (WNBC) NEW YORK HD,9
NBC 4 (WRC) WASHINGTON,NBC (WNBC) NEW YORK,9
NBC 4 (WSMV) NASHVILLE,NBC (WNBC) NEW YORK,9
NBC 4 (WTMJ) MILWAUKEE,NBC (WNBC) NEW YORK,9
NBC 4 (WYFF) GREENVILLE,NBC (WNBC) NEW YORK,9
NBC 41 (WMGT) MACON,NBC (WNBC) NEW YORK,9
NBC 5 (KATH) JUNEAU & DOUGLAS,NBC (KNBC) LOS ANGELES,8
NBC 5 (KING) SEATTLE,NBC (KNBC) LOS ANGELES,8
NBC 5 (KOAA) PUEBLO,NBC (KNBC) LOS ANGELES,8
NBC 5 (KOBI) MEDFORD,NBC (KNBC) LOS ANGELES,8
NBC 5 (KSDK) ST. LOUIS,NBC (KNBC) LOS ANGELES,8
NBC 5 (KSL) SALT LAKE CITY,NBC (KNBC) LOS ANGELES,8
NBC 5 (KXAS) FORT WORTH,NBC (KNBC) LOS ANGELES,8
NBC 5 (WLWT) CINCINNATI,NBC (WNBC) NEW YORK,9
NBC 5 (WMAQ) CHICAGO,NBC (WNBC) NEW YORK,9
NBC 5 (WMC) MEMPHIS,NBC (WNBC) NEW YORK,9
NBC 5 (WPTV) WEST PALM BEACH,NBC (WNBC) NEW YORK,9
NBC 5 (WRAL) RALEIGH,NBC (WNBC) NEW YORK,9
NBC 6 (KBJR) WISCONSIN,NBC (KNBC) LOS ANGELES,8
NBC 6 (KCEN) WACO,NBC (KNBC) LOS ANGELES,8
NBC 6 (KSBY) SANTA BARBARA/SANTA MARIA/SAN LUIS OBISPO,NBC (KNBC) LOS ANGELES,8
NBC 6 (KWQC) DAVENPORT,NBC (KNBC) LOS ANGELES,8
NBC 6 (WCSH) PORTLAND/AUBURN,NBC (WNBC) NEW YORK,9
NBC 6 (WJAC) JOHNSTOWN,NBC (WNBC) NEW YORK,9
NBC 6 (WOWT) OMAHA,NBC (WNBC) NEW YORK,9
NBC 6 (WPSD) PADUCAH/CAPE GIRARDEAU/HARRISBURG/MT VERNO,NBC (WNBC) NEW YORK,9
NBC 6 (WTVJ) MIAMI,NBC (WNBC) NEW YORK,9
NBC 6 (WVVA) BLUEFIELD,NBC (WNBC) NEW YORK,9
NBC 7 (KRNV) RENO,NBC (KNBC) LOS ANGELES,8
NBC 7 (KTVB) BOISE,NBC (KNBC) LOS ANGELES,8
NBC 7 (WPBN) CADILLAC/TRAVERSE CITY,NBC (WNBC) NEW YORK,9
NBC 8 (KGW) PORTLAND,NBC (KNBC) LOS ANGELES,8
NBC 8 (KULR) BILLINGS,NBC (KNBC) LOS ANGELES,8
NBC 8 (WFLA) TAMPA,NBC (WNBC) NEW YORK,9
NBC 8 (WOOD) GRAND RAPIDS,NBC (WNBC) NEW YORK,9
NBC 9 (KUSA) DENVER,NBC (KNBC) LOS ANGELES,8
NBC 9 (KWES) MIDLAND-ODESSA,NBC (KNBC) LOS ANGELES,8
NBC 9 (WTVA) TUPELO,NBC (WNBC) NEW YORK,9
NBC News NOW,NBC NEWS NOW,
NBC News NOW (USA),NBC NEWS NOW,
NBC SPORTS BAY AREA,NBC Sports Bay Area,696
NBC SPORTS BOSTON,NBC Sports Boston,630
NBC SPORTS CHICAGO,NBC Sports Chicago,
NBC SPORTS CHICAGO +,NBC Sports Chicago +,
NBC Sports Now,NBC Sports NOW,
NBC Sports NOW (USA),NBC Sports NOW,
NBC SPORTS PHILADELPHIA,NBC Sports Philadelphia,
NBC USA (WFLA),NBC (WNBC) NEW YORK,9
NESN NATION,NESN Nation,
NESN Nation,NESN Nation,
NESN Nation (USA),NESN Nation,
New England Sports Network HD,NESN HD,628
New England Sports Network SD,NESN SD,628
NEWSMAX2,News,
NEWSMAX2 (USA),News,
NFL,NFL Network,212
NFL Channel (USA),NFL Channel,
NFL Preseason All Access (USA),NFL Preseason All Access,
NFL Red Zone HD,NFL RedZone,
NFL Redzone,NFL RedZone,
NHL,NHL Network HD,215
NHL NETWORK,NHL Network HD,215
NHL Network USA HD,NHL Network HD,215
NHL Network USA SD,NHL Network SD,215
Outdoor America (USA),Outdoor America,
Outdoor Channel US HD,Outdoor Channel HD,606
Outdoor Channel US SD,Outdoor Channel SD,606
Outside,Outside TV,
OUTSIDE TV,Outside TV,
Outside TV (USA),Outside TV,
Pac-12 Insider (USA),Pac-12 Insider,
Paramount Movie Channel (USA),Paramount Movie Channel,
PBS (KET2),PBS West HD,4
PBS (KET-KY),PBS West HD,4
PBS (KMOS),PBS East HD,5
PBS (WKMJ-TV),PBS East HD,5
PBS 13 (WNET) New York HD,PBS East HD,5
PGA TOUR,PGA Tour,
PGA Tour (USA),PGA Tour,
Pursuit Up,Pursuit Channel,604
Pursuit UP (USA),Pursuit Channel,604
PursuitUp,Pursuit Channel,604
PursuitUP,Pursuit Channel,604
RACER Select (USA),RACER Select,214
Showtime,Showtime HD,545
Showtime (E) HD,Showtime HD,545
Showtime 2,Showtime 2,547
Showtime 2 Eastern HD,Showtime HD,545
Showtime 2 Eastern SD,Showtime SD,545
SHOWTIME 2 HD,Showtime 2 HD,547
Showtime Eastern Feed HD,Showtime HD,545
Showtime Eastern Feed SD,Showtime SD,545
Showtime Extreme,Showtime Extreme HD,549
Showtime Next,Showtime Next HD,
Showtime West,Showtime,545
Showtime Women,Showtime Women HD,
Slightly Off IFC,IFC HD,33
SMITHSONIAN CHANNEL,Smithsonian HD,570
SNY Sportsnet New York Comcast HD,SportsNet New York HD,639
SNY Sportsnet New York Comcast SD,SportsNet New York SD,639
Spectrum Sportsnet FHD,SportsNet New York FHD,639
Spectrum Sportsnet LA Dodgers,SportsNet LA HD,690
Spectrum SportsNet LA HD,SportsNet LA HD,690
Spectrum SportsNet LA SD,SportsNet LA SD,690
Spectrum Sportsnet Lakers,SportsNet Lakers HD,
Spectrum Sportsnet Lakers HD,SportsNet Lakers HD,
Spectrum Sportsnet Lakers SD,SportsNet Lakers SD,
Sportsnet (East) HD,SportsNet East HD,
Sportsnet (East) SD,SportsNet East SD,
Sportsnet 360 FHD,SportsNet 360 FHD,
Sportsnet 360 HD,SportsNet 360 HD,
Sportsnet 360 SD,SportsNet 360 SD,
SportsNet NY FHD,SportsNet New York FHD,639
Sportsnet One FHD,SportsNet One FHD,
Sportsnet One HD,SportsNet One HD,
Sportsnet One SD,SportsNet One SD,
Sportsnet Ontario FHD,SportsNet Ontario FHD,
Sportsnet Ontario HD,SportsNet Ontario HD,
Sportsnet Ontario SD,SportsNet Ontario SD,
Sportsnet Pacific HD,SportsNet Pacific HD,
Sportsnet Pacific SD,SportsNet Pacific SD,
Sportsnet Pittsburgh HD,SportsNet Pittsburgh HD,
Sportsnet Pittsburgh SD,SportsNet Pittsburgh SD,
Sportsnet West,SportsNet West HD,692
Sportsnet West HD,SportsNet West HD,692
Sportsnet West SD,SportsNet West SD,692
Sportsnet World FHD,SportsNet World FHD,
Starz,Starz HD,525
Starz Comedy,Starz Comedy HD,528
STARZ East HD,Starz HD,525
Starz Eastern HD,Starz HD,525
Starz Eastern SD,Starz SD,525
Starz Edge,Starz Edge HD,529
Starz Encore Action,Starz Encore Action HD,541
Starz Encore Westerns,Starz Encore Westerns HD,538
STARZ WEST,Starz,525
SundanceTV,SundanceTV HD,239
SundanceTV HD HD,SundanceTV HD,239
SundanceTV USA East HD,SundanceTV HD,239
SundanceTV USA East SD,SundanceTV SD,239
SYFY,SYFY HD,224
SYFY (Alternate 2),SYFY,224
SYFY (Alternate),SYFY,224
Syfy Eastern Feed HD,SYFY HD,224
Syfy Eastern Feed SD,SYFY SD,224
TBS,TBS HD,247
TBS (Alternate 2),TBS,247
TBS (Alternate),TBS,247
TBS East HD,TBS HD,247
TBS East SD,TBS SD,247
TCM,TCM HD,256
TCM (Alternate),TCM,256
The CW (WPIX New York) HD,CW (WPIX) NEW YORK HD,35
The Movie Channel East HD,TMC HD,553
TLC,TLC HD,280
TLC (Alternate),TLC,280
TLC USA Eastern HD,TLC HD,280
TLC USA Eastern SD,TLC SD,280
TMC (US) Eastern Feed HD,TMC HD,553
TMC (US) Eastern Feed SD,TMC SD,553
TNT,TNT HD,245
TNT (Alternate),TNT,245
TNT Eastern Feed HD,TNT HD,245
TNT Eastern Feed SD,TNT SD,245
Travel Channel,Travel Channel HD,277
Travel US East HD,Travel Channel HD,277
Travel US East SD,Travel Channel SD,277
truTV,truTV HD,246
truTV (Alternate),truTV,246
truTV USA Eastern HD,truTV HD,246
truTV USA Eastern SD,truTV SD,246
TuDiscovery,Discovery Turbo,281
Turner Classic Movies USA HD,TCM HD,256
Turner Classic Movies USA SD,TCM SD,256
TV Land,TV Land HD,304
TV Land Eastern HD,TV Land HD,304
TV Land Eastern SD,TV Land SD,304
TV One HD HD,TV One HD,328
TVG,Fanduel TV,602
TVOne,TV One HD,328
Unbeaten,Unbeaten Sports Channel,
Unbeaten Sports Channel (USA),Unbeaten Sports Channel,
US : CW (WCIU) THE U CHICAGO IL,CW (WPIX) NEW YORK,35
US | A&E,A&E HD,265
US | ABC NEWS LIVE,ABC NEWS LIVE,
US | ACTIONMAX,ActionMax HD,
US | ACTIONMAX WEST,ActionMax,
US | AMC,AMC HD,254
US | AMERICAN HEROES,American Heroes Channel,287
US | ANIMAL PLANET,Animal Planet HD,282
US | ANIMAL PLANET WEST,Animal Planet,282
US | AXS TV,AXS TV,340
US | BBC AMERICA,BBC America HD,264
US | BBC WORLD NEWS,News,
US | BIG TEN NETWORK,Big Ten Network,610
US | BIG TEN NETWORK 2,Big Ten Network 2,
US | BIG TEN NETWORK 3,Big Ten Network 3,
US | BIG TEN NETWORK 4,Big Ten Network 4,
US | BLACK NEWS CHANNEL,News,
US | BOUNCE TV,Bounce XL HD,82
US | CBS SPORTS NETWORK,CBS Sports Network,221
US | CHEDDAR NEWS,News,
US | CINEMAX,Cinemax HD,515
US | CINEMAX WEST,Cinemax,515
US | CNBC,CNBC,355
US | CNN,CNN HD,202
US | CNN INTERNATIONAL,CNN International,
US | COMEDY CENTRAL,Comedy Central HD,249
US | COMEDY CENTRAL WEST,Comedy Central,249
US | COMET,Comet,
US | COOKING CHANNEL,The Cooking Channel HD,232
US | COWBOY CHANNEL,The Cowboy Channel,603
US | COZI TV,COZI TV,80
US | DESTINATION AMERICA,Destination America,286
US | DISCOVERY CHANNEL,Discovery Channel HD,278
US | DISCOVERY CHANNEL WEST,Discovery Channel,278
US | DISCOVERY FAMILY,Discovery Family Channel HD,
US | DISCOVERY LIFE,Discovery Life Channel HD,
US | DISCOVERY SCIENCE,Discovery Science,
US | DISNEY CHANNEL,Disney Channel,290
US | E! ENTERTAINMENT,E! HD,
US | E! WEST,E!,236
US | ESPN,ESPN,206
US | ESPN 2,ESPN2,209
US | ESPN NEWS,ESPN NEWS,207
US | FANDUEL RACING,Fanduel Racing,
US | FETV,FETV HD,323
US | FLIX,FLIX,556
US | FOOD NETWORK,Food Network HD,231
US | FOOD NETWORK WEST,Food Network,231
US | FOX 7 (Austin) | HD,FOX (WNYW) NEW YORK,11
US | FOX BUSINESS,FOX Business,359
US | FOX NEWS CHANNEL,FOX NEWS,360
US | FOX SOUL,FOX Soul,
US | FOX SPORTS 1,FOX Sports 1,219
US | FOX SPORTS 2,FOX Sports 2,618
US | FREEFORM,Freeform HD,311
US | FREEFORM WEST,Freeform,311
US | FUSE,Fuse HD,339
US | FX,FX HD,248
US | FX WEST,FX,248
US | FXM,FX Movie HD,258
US | FXX,FXX HD,259
US | FXX WEST,FXX,259
US | FYI,FYI HD,266
US | GET TV,getTV,83
US | GOLF CHANNEL,Golf Channel HD,218
US | GRIT TV,Grit,81
US | HBO,HBO HD,501
US | HBO 2,HBO 2 HD,
US | HBO 2 WEST, HBO 2,
US | HBO COMEDY,HBO Comedy HD,506
US | HBO SIGNATURE,HBO Signature HD,
US | HBO WEST,HBO,501
US | HBO ZONE,HBO Zone HD,
US | HBO ZONE WEST,HBO Zone,
US | HDNET MOVIES,HDNET,566
US | HGTV,HGTV HD,229
US | HGTV WEST,HGTV,229
US | HISTORY CHANNEL,History HD,269
US | HLN,HLN,204
US | IFC,IFC HD,33
US | INSP,Inspiration,364
US | INVESTIGATION DISCOVERY,Investigation Discovery HD,285
US | INVESTIGATION DISCOVERY WEST,Investigation Discovery,285
US | ION,ION,12
US | LIVENOW FROM FOX,LiveNOW from FOX,
US | MAGNOLIA NETWORK,Magnolia,230
US | MARQUEE SPORTS NETWORK,Marquee Sports Network,664
US | MAV TV,RACER Select,214
US | MAVTV,RACER Select,214
US | ME TV,MeTV,77
US | ME TV PLUS,MeTV Plus,
US | MGM+,MGM+,558
US | MGM+ DRIVE IN,MGM+ Drive-In,
US | MGM+ HITS,MGM+ Hits,559
US | MGM+ MARQUEE,MGM+ Marqee,560
US | MLB NETWORK,MLB Network,213
US | MLB STRIKEZONE,MLB Strikezone,719
US | MOREMAX WEST/Cinemax Hits,MoreMAX,
US | MOREMAX/Cinemax Hits,MoreMAX HD,
US | MOTORTREND,Discovery Turbo,281
US | MSG,MSG,634
US | MSG 2,MSG 2,
US | MSG 2 PLUS,MSG 2 Plus,
US | MSG PLUS,MSG Plus HD,
US | NAT GEO,National Geographic HD,276
US | NAT GEO WILD,National Geographic Wild HD,283
US | NBA TV,NBA TV HD,216
US | NBC NEWS NOW,NBC NEWS NOW,
US | NBCSN,NCB Sports Now,
US | NEWS 12 BROOKLYN,News,
US | NEWS 12 LONGISLAND,News,
US | NEWS12 BRONX(NYC),News,
US | NEWS12 HUDSSON,News,
US | NEWSMAX TV,News,
US | NEWSNATION,News,
US | NEWSY,News,
US | ONE AMERICAN NEWS NETWORK,News,
US | OUTDOOR CHANNEL,Outdoor Channel HD,606
US | OUTSIDE TV,Outside TV,
US | OVATION,Ovation,274
US | PARAMOUNT,Paramount Network,241
US | PIXL,Pixl,
US | POP,Pop TV,273
US | PURSUIT CHANNEL,Pursuit Channel,604
US | REELZ,ReelzChannel HD,238
US | RT NEWS AMERICA,News,
US | SHOWTIME,Showtime HD,545
US | SHOWTIME 2,Showtime 2 HD,547
US | SHOWTIME 2 WEST,Showtime 2,547
US | SHOWTIME EXTREME,Showtime Extreme HD,549
US | SHOWTIME EXTREME WEST,Showtime Extreme,549
US | SHOWTIME FAMILY ZONE,Showtime Family Zone HD,552
US | SHOWTIME FAMILY ZONE WEST,Showtime Family Zone,552
US | SHOWTIME NEXT,Showtime Next HD,
US | SHOWTIME NEXT WEST,Showtime Next,
US | SHOWTIME SHOWCASE,Showtime Showcase HD,550
US | SHOWTIME SHOWCASE WEST,Showtime Showcase,550
US | SHOWTIME WEST,Showtime,545
US | SHOWTIME WOMEN,Showtime Women HD,
US | SHOWTIME WOMEN WEST,Showtime Women,
US | SMITHSONIAN CHANNEL,Smithsonian HD,570
US | SMITHSONIAN CHANNEL WEST,Smithsonian,570
US | SONY MOVIE CHANNEL,Sony Movie Channel,568
US | SPORTSMAN CHANNEL,Sportsman Channel,605
US | STARZ,Starz HD,525
US | STARZ CINEMA,Starz Cinema,531
US | STARZ COMEDY,Starz Comedy HD,528
US | STARZ COMEDY WEST,Starz Comedy,528
US | STARZ EDGE,Starz Edge HD,529
US | STARZ EDGE WEST,Starz Edge,529
US | STARZ ENCORE,Starz Encore HD,535
US | STARZ ENCORE ACTION,Starz Encore Action HD,541
US | STARZ ENCORE ACTION WEST,Starz Encore Action,541
US | STARZ ENCORE CLASSIC,Starz Encore Classic HD,537
US | STARZ ENCORE CLASSIC WEST,Starz Encore Classic,537
US | STARZ ENCORE FAMILY,Starz Encore Family,542
US | STARZ ENCORE SUSPENSE,Starz Encore Suspense HD,539
US | STARZ ENCORE SUSPENSE WEST,Starz Encore Suspense,539
US | STARZ ENCORE WEST,Starz Encore,535
US | STARZ ENCORE WESTERNS,Starz Encore Westerns HD,538
US | STARZ ENCORE WESTERNS WEST,Starz Encore Westerns,538
US | STARZ KIDS & FAMILY,Starz Kids & Family,527
US | STARZ WEST,Starz,525
US | SUNDANCE,SundanceTV HD,239
US | SYFY,SYFY HD,224
US | SYFY WEST,SYFY,224
US | TBS,TBS HD,247
US | TBS WEST,TBS,247
US | TCM,TCM HD,256
US | TLC,TLC HD,280
US | TLC WEST,TLC,280
US | TNT,TNT HD,245
US | TNT WEST,TNT,245
US | TRAVEL CHANNEL,Travel Channel HD,277
US | TRAVEL CHANNEL WEST,Travel Channel,277
US | TRAVEL CHANNEL WEST,Travel Channel HD,277
US | TRU TV,truTV HD,246
US | TRU TV WEST,truTV,246
US | TV LAND,TV Land HD,304
US | TV LAND WEST,TV Land,304
US | TV ONE,TV One HD,328
US | UP TV, UP TV,
US | USA NETWORK,USA Network HD,242
US | USA NETWORK WEST,USA Network,242
US | VICE,VICE HD,271
US ABC 12 (WJRT) Flint/Saginaw/Bay City,ABC (WABC) NEW YORK,7
US CW 13 (KYLX) Laredo (H),CW (KTLA) LOS ANGELES,34
US CW 15 (WCWN) Albany,CW (WPIX) NEW YORK,35
US CW 19 (WPCW) Jeannette,CW (WPIX) NEW YORK,35
US CW 20 (WCWG) Greensboro (H),CW (WPIX) NEW YORK,35
US CW 21 (WTTO) Birmingham,CW (WPIX) NEW YORK,35
US CW 22 (WBMM) Montgomery (H),CW (WPIX) NEW YORK,35
US CW 22 (WLFL) Raleigh,CW (WPIX) NEW YORK,35
US CW 29 (KCWE) Kansas City (H),CW (KTLA) LOS ANGELES,34
US CW 35 (KMYS) San Antonio,CW (KTLA) LOS ANGELES,34
US CW 38 (WSWB) Wilkes-Barre,CW (WPIX) NEW YORK,35
US CW 39 (WSFL-TV) South Florida,CW (WPIX) NEW YORK,35
US CW 44 (WTOG) St. Petersburg (H),CW (WPIX) NEW YORK,35
US CW 5 (KESQ-DT8) Palm Springs (H),CW (KTLA) LOS ANGELES,34
US CW 50 (WKBD) Detroit,CW (WPIX) NEW YORK,35
US CW 53 (WWHO) Columbus,CW (WPIX) NEW YORK,35
US CW 56 (WLVI) Boston (H),CW (WPIX) NEW YORK,35
US CW 58 (WBKI-DT) Louisville (H),CW (WPIX) NEW YORK,35
US CW 58 (WNAB) Nashville,CW (WPIX) NEW YORK,35
US CW 8 (KNOE-DT2) Monroe–El Dorado (H),CW (KTLA) LOS ANGELES,34
US CW 8 (KPAX) Missoula (H),CW (KTLA) LOS ANGELES,34
US CW-KFMBTV2,CW (KTLA) LOS ANGELES,34
US FOX 6 (WBRC) Birmingham (A),FOX (WNYW) NEW YORK,11
US NBC 10 (KTTC) Rochester,NBC (KNBC) LOS ANGELES,8
US NBC 10 (KTVE) El Dorado,NBC (KNBC) LOS ANGELES,8
US NBC 10 (WALB) Albany,NBC (WNBC) NEW YORK,9
US NBC 10 (WAVY) Portsmouth,NBC (WNBC) NEW YORK,9
US NBC 10 (WGEM) Quincy,NBC (WNBC) NEW YORK,9
US NBC 10 (WILX) Onondaga,NBC (WNBC) NEW YORK,9
US NBC 10 (WSLS) Roanoke,NBC (WNBC) NEW YORK,9
US NBC 11 (KKCO) Grand Junction,NBC (KNBC) LOS ANGELES,8
US NBC 11 (KTVF) Fairbanks,NBC (KNBC) LOS ANGELES,8
US NBC 11 (KVLY) Fargo,NBC (KNBC) LOS ANGELES,8
US NBC 12 (KTGF) Great Falls,NBC (KNBC) LOS ANGELES,8
US NBC 12 (KTVH) Helena,NBC (KNBC) LOS ANGELES,8
US NBC 12 (WICU) Erie,NBC (WNBC) NEW YORK,9
US NBC 12 (WJFW) Rhinelander,NBC (WNBC) NEW YORK,9
US NBC 12 (WSFA) Montgomery,NBC (WNBC) NEW YORK,9
US NBC 12 (WWBT) Richmond,NBC (WNBC) NEW YORK,9
US NBC 13 (KCHY) Casper,NBC (KNBC) LOS ANGELES,8
US NBC 13 (KCWY) Casper,CW (KTLA) LOS ANGELES,34
US NBC 13 (KCWY) Casper,NBC (KNBC) LOS ANGELES,8
US NBC 13 (KECI) Missoula,NBC (KNBC) LOS ANGELES,8
US NBC 13 (KTVM) Montana,NBC (KNBC) LOS ANGELES,8
US NBC 13 (KYMA) Yuma,NBC (KNBC) LOS ANGELES,8
US NBC 13 (WEAU) Eau claire,NBC (WNBC) NEW YORK,9
US NBC 13 (WNYT) Albany,NBC (WNBC) NEW YORK,9
US NBC 13 (WREX) Rockford,NBC (WNBC) NEW YORK,9
US NBC 13 (WRGX) Dothan,NBC (WNBC) NEW YORK,9
US NBC 14 (WFIE) Evansville,NBC (WNBC) NEW YORK,9
US NBC 16 (KMTR) Eugene,NBC (KNBC) LOS ANGELES,8
US NBC 16 (WNDU) South bend,NBC (WNBC) NEW YORK,9
US NBC 17 (KGET) Bakersfield,NBC (KNBC) LOS ANGELES,8
US NBC 17 (KMOL) Victoria,NBC (KNBC) LOS ANGELES,8
US NBC 17 (WAND) Decatur,NBC (WNBC) NEW YORK,9
US NBC 18 (WHIZ) Zanesville,NBC (WNBC) NEW YORK,9
US NBC 18 (WLEX) Lexington,NBC (WNBC) NEW YORK,9
US NBC 19 (WVGN) Virgin Islands,NBC (WNBC) NEW YORK,9
US NBC 2 (KNOP) North Platte,NBC (KNBC) LOS ANGELES,8
US NBC 2 (WCBD) Charleston,NBC (WNBC) NEW YORK,9
US NBC 2 (WDTN) Dayton,NBC (WNBC) NEW YORK,9
US NBC 2 (WKTV) Utica,NBC (WNBC) NEW YORK,9
US NBC 2 (WTWO) Terre Haute,NBC (WNBC) NEW YORK,9
US NBC 20 (WBGH) Binghamton,NBC (WNBC) NEW YORK,9
US NBC 21 (KTVZ) Bend,NBC (KNBC) LOS ANGELES,8
US NBC 21 (WFMJ) Youngstown,NBC (WNBC) NEW YORK,9
US NBC 22 (WWLP) Springfield,NBC (WNBC) NEW YORK,9
US NBC 23 (KVEO) Brownsville,NBC (KNBC) LOS ANGELES,8
US NBC 24 (WNWO) Toledo,NBC (WNBC) NEW YORK,9
US NBC 25 (WEEK) Peoria,NBC (WNBC) NEW YORK,9
US NBC 25 (WXXV) Gulfport,NBC (WNBC) NEW YORK,9
US NBC 27 (KSNT) Topeka,NBC (KNBC) LOS ANGELES,8
US NBC 28 (WBRE) Wilkes-barre,NBC (WNBC) NEW YORK,9
US NBC 29 (WVIR) Charlottesville,NBC (WNBC) NEW YORK,9
US NBC 3 (KIEM) Eureka,NBC (KNBC) LOS ANGELES,8
US NBC 3 (KYTV) Springfield,NBC (KNBC) LOS ANGELES,8
US NBC 3 (WAVE) Louisville,NBC (WNBC) NEW YORK,9
US NBC 3 (WLBT) Jackson,NBC (WNBC) NEW YORK,9
US NBC 3 (WSAV) Savannah,NBC (WNBC) NEW YORK,9
US NBC 32 (WMBF) Myrtle beach,NBC (WNBC) NEW YORK,9
US NBC 32 (WVLA) Baton Rouge,NBC (WNBC) NEW YORK,9
US NBC 36 (KXAN) Austin,NBC (KNBC) LOS ANGELES,8
US NBC 38 (WLTZ) Columbus,NBC (WNBC) NEW YORK,9
US NBC 39 (WNBJ) Jackson,NBC (WNBC) NEW YORK,9
US NBC 4 (KAMR) Amarillo,NBC (KNBC) LOS ANGELES,8
US NBC 4 (KARK) Little rock,NBC (KNBC) LOS ANGELES,8
US NBC 4 (KFOR) Oklahoma City,NBC (KNBC) LOS ANGELES,8
US NBC 4 (KOB) Albuquerque,NBC (KNBC) LOS ANGELES,8
US NBC 4 (KSNB) Superior,NBC (KNBC) LOS ANGELES,8
US NBC 4 (KTIV) Sioux city,NBC (KNBC) LOS ANGELES,8
US NBC 4 (WOAI) San Antonio,NBC (WNBC) NEW YORK,9
US NBC 40 40 (WNKY) Bowling Green,NBC (WNBC) NEW YORK,9
US NBC 41 (KSHB) Kansas city,NBC (KNBC) LOS ANGELES,8
US NBC 45 (WVNC) Watertown,NBC (WNBC) NEW YORK,9
US NBC 46 (KDLT) Sioux falls,NBC (KNBC) LOS ANGELES,8
US NBC 46 (KLAF) Lafayette,NBC (KNBC) LOS ANGELES,8
US NBC 48 (WAFF) Huntsville,NBC (WNBC) NEW YORK,9
US NBC 5 (KALB) Louisiana,NBC (KNBC) LOS ANGELES,8
US NBC 5 (KFYR) Bismarck,NBC (KNBC) LOS ANGELES,8
US NBC 5 (WCYB) Bristol,NBC (WNBC) NEW YORK,9
US NBC 5 (WPTZ) Plattsburgh,NBC (WNBC) NEW YORK,9
US NBC 56 (KETK) Jacksonville,NBC (KNBC) LOS ANGELES,8
US NBC 6 (KHQ) Spokane,NBC (KNBC) LOS ANGELES,8
US NBC 6 (KMIR) Palm Springs,NBC (KNBC) LOS ANGELES,8
US NBC 6 (KPVI) Pocatello,NBC (KNBC) LOS ANGELES,8
US NBC 6 (KRIS) Corpus christi,NBC (KNBC) LOS ANGELES,8
US NBC 6 (KTAL) Texarkana,NBC (KNBC) LOS ANGELES,8
US NBC 6 (WDSU) New orleans,NBC (WNBC) NEW YORK,9
US NBC 6 (WECT) Wilmington,NBC (WNBC) NEW YORK,9
US NBC 6 (WLUC) Marquette,NBC (WNBC) NEW YORK,9
US NBC 7 (KPLC) Lake Charles,NBC (KNBC) LOS ANGELES,8
US NBC 7 (KTFT) Boise,NBC (KNBC) LOS ANGELES,8
US NBC 7 (KWWL) Waterloo,NBC (KNBC) LOS ANGELES,8
US NBC 7 (WDAM) Hattiesburg,NBC (WNBC) NEW YORK,9
US NBC 7 (WITN) Washington,NBC (WNBC) NEW YORK,9
US NBC 7 (WJHG) Panama city,NBC (WNBC) NEW YORK,9
US NBC 8 (KAIT) Jonesboro,NBC (KNBC) LOS ANGELES,8
US NBC 8 (KGNS) Laredo,NBC (KNBC) LOS ANGELES,8
US NBC 8 (KSBW) Salinas,NBC (KNBC) LOS ANGELES,8
US NBC 8 (WGAL) Lancaster,NBC (WNBC) NEW YORK,9
US NBC 8 (WLIO) Lima,NBC (WNBC) NEW YORK,9
US NBC 9 (KRBC) Abilene,NBC (KNBC) LOS ANGELES,8
US NBC 9 (KTSM) El paso,NBC (KNBC) LOS ANGELES,8
US NBC 9 (WNBW) Gainesville,NBC (WNBC) NEW YORK,9
US NBC 9 (WTOV) Steubenville,NBC (WNBC) NEW YORK,9
US: FOX 10 (Phoenix) | HD,FOX (KTTV) LOS ANGELES,10
US: NESN UHD,NESN UHD,628
USA | CBS 13 Sacramento HD,CBS (KCBS) LOS ANGELES,2
USA | CBS 4 St. Louis HD,CBS (WCBS) NEW YORK,3
USA | CBS 5 Phoenix HD,CBS (KCBS) LOS ANGELES,2
USA Network,USA Network HD,242
USA Network East Feed HD,USA Network HD,242
USA Network East Feed SD,USA Network SD,242
Vice,VICE HD,271
VICE (USA),VICE HD,271
Vice Entertainment,VICE HD,271
WABC (New York) ABC East HD,ABC (WABC) NEW YORK HD,7
WBFF FOX45 Baltimore MD,FOX (WNYW) NEW YORK,11
WCBS (New York) CBS East HD,CBS (WCBS) NEW YORK HD,3
WLTX CBS 19 Columbia SC,CBS (WCBS) NEW YORK,3
WMAZ CBS 13 Macon GA,CBS (WCBS) NEW YORK,3
WNBC (New York) NBC East HD,NBC (WNBC) NEW YORK,9
WNYW (New York) FOX East HD,FOX (WNYW) NEW YORK HD,11
WPIX New York (SUPERSTATION) HD,CW (WPIX) NEW YORK HD,35
WPIX New York (SUPERSTATION) SD,CW (WPIX) NEW YORK SD,35
WPMT FOX43 Harrisburg PA,FOX (WNYW) NEW YORK,11
WTSP CBS 10 Tampa Bay FL,CBS (WCBS) NEW YORK,3
WTVD ABC11 24/7 Streaming Channel,ABC (WABC) NEW YORK,7
WUSA CBS 9 Washington DC,CBS (WCBS) NEW YORK,3
WWL CBS 4 New Orleans LA,CBS (WCBS) NEW YORK,3
WZDX FOX54 Huntsville AL,FOX (WNYW) NEW YORK,11
YES NETWORK,Yes Network HD,631
YES Network,Yes Network HD,631
