{
  "NHL": {
    "service_prefix": "NHL",
    "max_channels": 16,
    "game_duration": {"hours": 2, "minutes": 30},
    "hints": ["NHL", "HOCKEY"],
    "api_sports": {
      "enabled": true,
      "endpoint": "hockey",
      "league_name": "NHL"
    },
    "teams": {
      "Anaheim Ducks": ["Anaheim", "Ducks"],
      "Boston Bruins": ["Boston", "Bruins"],
      "Buffalo Sabres": ["Buffalo", "Sabres"],
      "Calgary Flames": ["Calgary", "Flames"],
      "Carolina Hurricanes": ["Carolina", "Hurricanes"],
      "Chicago Blackhawks": ["Chicago", "Blackhawks", "Chicago"],
      "Colorado Avalanche": ["Colorado", "Avalanche"],
      "Columbus Blue Jackets": ["Columbus", "Blue Jackets"],
      "Dallas Stars": ["Dallas", "Stars"],
      "Detroit Red Wings": ["Detroit", "Red Wings"],
      "Edmonton Oilers": ["Edmonton", "Oilers"],
      "Florida Panthers": ["Florida", "Panthers"],
      "Los Angeles Kings": ["Los Angeles", "Kings", "LA Kings"],
      "Minnesota Wild": ["Minnesota", "Wild"],
      "Montreal Canadiens": ["Montreal", "Canadiens"],
      "Nashville Predators": ["Nashville", "Predators"],
      "New Jersey Devils": ["New Jersey Devils", "NJ", "Devils"],
      "New York Islanders": ["NY Islanders", "Islanders"],
      "New York Rangers": ["NY Rangers", "Rangers"],
      "Ottawa Senators": ["Ottawa", "Senators"],
      "Philadelphia Flyers": ["Philadelphia", "Flyers"],
      "Pittsburgh Penguins": ["Pittsburgh", "Penguins"],
      "San Jose Sharks": ["San Jose", "Sharks"],
      "Seattle Kraken": ["Seattle", "Kraken"],
      "St. Louis Blues": ["St. Louis", "Blues"],
      "Tampa Bay Lightning": ["TB", "Lightning", "Tampa Bay", "TB Lightning"],
      "Toronto Maple Leafs": ["Toronto", "Maple Leafs", "Leafs"],
      "Vancouver Canucks": ["Vancouver", "Canucks"],
      "Vegas Golden Knights": ["Vegas", "Golden Knights"],
      "Washington Capitals": ["Washington", "Capitals"],
      "Winnipeg Jets": ["Winnipeg", "Jets"],
      "Utah Mammoth": ["Utah", "Mammoth"]
    }
  },
  "NFL": {
    "service_prefix": "NFL",
    "max_channels": 16,
    "game_duration": {"hours": 4, "minutes": 0},
    "hints": ["NFL", "FOOTBALL"],
    "api_sports": {
      "enabled": true,
      "endpoint": "american-football",
      "league_name": "NFL"
    },
    "teams": {
      "AFC": ["American","Football","Conference"],
      "NFC": ["National","Football","Conference"],
      "Arizona Cardinals": ["Arizona", "Cardinals"],
      "Atlanta Falcons": ["Atlanta", "Falcons"],
      "Baltimore Ravens": ["Baltimore", "Ravens"],
      "Buffalo Bills": ["Buffalo", "Bills"],
      "Carolina Panthers": ["Carolina", "Panthers"],
      "Chicago Bears": ["Chicago", "Bears"],
      "Cincinnati Bengals": ["Cincinnati", "Bengals"],
      "Cleveland Browns": ["Cleveland", "Browns"],
      "Dallas Cowboys": ["Dallas", "Cowboys"],
      "Denver Broncos": ["Denver", "Broncos"],
      "Detroit Lions": ["Detroit", "Lions"],
      "Green Bay Packers": ["Green Bay", "GB", "Packers"],
      "Houston Texans": ["Houston", "Texans"],
      "Indianapolis Colts": ["Indianapolis", "Colts"],
      "Jacksonville Jaguars": ["Jacksonville", "Jaguars"],
      "Kansas City Chiefs": ["Kansas City", "KC", "Chiefs"],
      "Las Vegas Raiders": ["Las Vegas", "LV", "Raiders"],
      "Los Angeles Chargers": ["Chargers", "LA Chargers"],
      "Los Angeles Rams": ["Rams", "LA Rams"],
      "Miami Dolphins": ["Miami", "Dolphins"],
      "Minnesota Vikings": ["Minnesota", "Vikings"],
      "New England Patriots": ["New England", "NE", "Patriots"],
      "New Orleans Saints": ["New Orleans", "NO", "Saints"],
      "New York Giants": ["NY Giants", "Giants"],
      "New York Jets": ["NY Jets", "Jets"],
      "Philadelphia Eagles": ["Philadelphia", "Eagles"],
      "Pittsburgh Steelers": ["Pittsburgh", "Steelers"],
      "San Francisco 49ers": ["San Francisco", "SF", "49ers", "Niners"],
      "Seattle Seahawks": ["Seattle", "Seahawks"],
      "Tampa Bay Buccaneers": ["Tampa Bay", "TB", "TB", "Buccaneers", "Bucs"],
      "Tennessee Titans": ["Tennessee", "Titans"],
      "Washington Commanders": ["Washington", "Commanders"]
    }
  },
  "NBA": {
    "service_prefix": "NBA",
    "max_channels": 16,
    "game_duration": {"hours": 2, "minutes": 30},
    "hints": ["NBA", "BASKETBALL"],
    "api_sports": {
      "enabled": true,
      "endpoint": "basketball",
      "league_name": "NBA"
    },
    "teams": {
      "Atlanta Hawks": ["Atlanta", "Hawks"],
      "Boston Celtics": ["Boston", "Celtics"],
      "Brooklyn Nets": ["Brooklyn", "Nets"],
      "Charlotte Hornets": ["Charlotte", "Hornets"],
      "Chicago Bulls": ["Chicago", "Bulls"],
      "Cleveland Cavaliers": ["Cleveland", "Cavaliers"],
      "Dallas Mavericks": ["Dallas", "Mavericks"],
      "Denver Nuggets": ["Denver", "Nuggets"],
      "Detroit Pistons": ["Detroit", "Pistons"],
      "Golden State Warriors": ["Golden State", "GS", "Warriors"],
      "Houston Rockets": ["Houston", "Rockets"],
      "Indiana Pacers": ["Indiana", "Pacers"],
      "Los Angeles Clippers": ["LA Clippers", "Clippers"],
      "Los Angeles Lakers": ["LA Lakers", "Lakers"],
      "Memphis Grizzlies": ["Memphis", "Grizzlies"],
      "Miami Heat": ["Miami", "Heat"],
      "Milwaukee Bucks": ["Milwaukee", "Bucks"],
      "Minnesota Timberwolves": ["Minnesota", "Timberwolves"],
      "New Orleans Pelicans": ["New Orleans", "Pelicans"],
      "New York Knicks": ["New York", "Knicks"],
      "Oklahoma City Thunder": ["Oklahoma City", "Thunder"],
      "Orlando Magic": ["Orlando", "Magic"],
      "Philadelphia 76ers": ["Philadelphia", "76ers", "Sixers"],
      "Phoenix Suns": ["Phoenix", "Suns"],
      "Portland Trail Blazers": ["Portland", "Trail Blazers", "Blazers"],
      "Sacramento Kings": ["Sacramento", "Kings"],
      "San Antonio Spurs": ["San Antonio", "SA", "Spurs"],
      "Toronto Raptors": ["Toronto", "Raptors"],
      "Utah Jazz": ["Utah", "Jazz"],
      "Washington Wizards": ["Washington", "Wizards"]
    }
  },
  "MLB": {
    "service_prefix": "MLB",
    "max_channels": 15,
    "game_duration": {"hours": 3, "minutes": 0},
    "hints": ["MLB", "BASEBALL"],
    "api_sports": {
      "enabled": true,
      "endpoint": "baseball",
      "league_name": "MLB"
    },
    "teams": {
      "Arizona Diamondbacks": ["Arizona", "Diamondbacks", "Dbacks"],
      "Atlanta Braves": ["Atlanta", "Braves"],
      "Baltimore Orioles": ["Baltimore", "Orioles"],
      "Boston Red Sox": ["Boston", "Red Sox"],
      "Chicago Cubs": ["Cubs"],
      "Chicago White Sox": ["White Sox"],
      "Cincinnati Reds": ["Cincinnati", "Reds"],
      "Cleveland Guardians": ["Cleveland", "Guardians"],
      "Colorado Rockies": ["Colorado", "Rockies"],
      "Detroit Tigers": ["Detroit", "Tigers"],
      "Houston Astros": ["Houston", "Astros"],
      "Kansas City Royals": ["Kansas City", "Royals"],
      "Los Angeles Angels": ["LA Angels", "Angels"],
      "Los Angeles Dodgers": ["LA Dodgers", "Dodgers"],
      "Miami Marlins": ["Miami", "Marlins"],
      "Milwaukee Brewers": ["Milwaukee", "Brewers"],
      "Minnesota Twins": ["Minnesota", "Twins"],
      "New York Mets": ["NY Mets", "Mets"],
      "New York Yankees": ["NY Yankees", "Yankees"],
      "Oakland Athletics": ["Oakland", "Athletics", "A's"],
      "Philadelphia Phillies": ["Philadelphia", "Phillies"],
      "Pittsburgh Pirates": ["Pittsburgh", "Pirates"],
      "San Diego Padres": ["San Diego", "SD Padres", "Padres"],
      "San Francisco Giants": ["San Francisco", "SF Giants", "Giants"],
      "Seattle Mariners": ["Seattle", "Mariners"],
      "St. Louis Cardinals": ["St. Louis", "Cardinals"],
      "Tampa Bay Rays": ["Tampa Bay", "TB", "Rays"],
      "Texas Rangers": ["Texas", "Rangers"],
      "Toronto Blue Jays": ["Toronto", "Blue Jays"],
      "Washington Nationals": ["Washington", "Nationals"]
    }
  },
  "NCAA Football": {
    "service_prefix": "NCAAF",
    "max_channels": 32,
    "game_duration": {"hours": 3, "minutes": 30},
    "hints": ["NCAAF", "FOOTBALL", "COLLEGE FOOTBALL"],
    "api_sports": {
      "enabled": true,
      "endpoint": "american-football",
      "league_name": "NCAA"
    },
    "teams": {
      "Air Force Falcons": ["Air Force", "Falcons", "AFA"],
      "Akron Zips": ["Akron", "Zips"],
      "Alabama Crimson Tide": ["Alabama", "Crimson Tide", "Bama", "Roll Tide"],
      "Appalachian State Mountaineers": ["Appalachian State", "Mountaineers", "App State"],
      "Arizona Wildcats": ["Arizona", "Wildcats"],
      "Arizona State Sun Devils": ["Arizona State", "Sun Devils", "ASU"],
      "Arkansas Razorbacks": ["Arkansas", "Razorbacks", "Hogs"],
      "Arkansas State Red Wolves": ["Arkansas State", "Red Wolves"],
      "Army Black Knights": ["Army", "Black Knights", "Army West Point"],
      "Auburn Tigers": ["Auburn", "Tigers"],
      "Ball State Cardinals": ["Ball State", "Cardinals"],
      "Baylor Bears": ["Baylor", "Bears"],
      "Boise State Broncos": ["Boise State", "Broncos"],
      "Boston College Eagles": ["Boston College", "Eagles", "BC"],
      "Bowling Green Falcons": ["Bowling Green", "Falcons", "BGSU"],
      "Buffalo Bulls": ["Buffalo", "Bulls", "UB"],
      "BYU Cougars": ["BYU", "Cougars", "Brigham Young"],
      "California Golden Bears": ["California", "Golden Bears", "Cal"],
      "Central Michigan Chippewas": ["Central Michigan", "Chippewas", "CMU"],
      "Charlotte 49ers": ["Charlotte", "49ers"],
      "Cincinnati Bearcats": ["Cincinnati", "Bearcats"],
      "Clemson Tigers": ["Clemson", "Tigers"],
      "Coastal Carolina Chanticleers": ["Coastal Carolina", "Chanticleers"],
      "Colorado Buffaloes": ["Colorado", "Buffaloes"],
      "Colorado State Rams": ["Colorado State", "Rams", "CSU"],
      "Connecticut Huskies": ["Connecticut", "Huskies", "UConn"],
      "Duke Blue Devils": ["Duke", "Blue Devils"],
      "East Carolina Pirates": ["East Carolina", "Pirates", "ECU"],
      "Eastern Michigan Eagles": ["Eastern Michigan", "Eagles", "EMU"],
      "Florida Gators": ["Florida", "Gators"],
      "Florida Atlantic Owls": ["Florida Atlantic", "Owls", "FAU"],
      "Florida International Panthers": ["Florida International", "Panthers", "FIU"],
      "Florida State Seminoles": ["Florida State", "Seminoles", "FSU"],
      "Fresno State Bulldogs": ["Fresno State", "Bulldogs"],
      "Georgia Bulldogs": ["Georgia", "Bulldogs", "UGA"],
      "Georgia Southern Eagles": ["Georgia Southern", "Eagles", "GSU"],
      "Georgia Tech Yellow Jackets": ["Georgia Tech", "Yellow Jackets", "GT"],
      "Hawaii Rainbow Warriors": ["Hawaii", "Rainbow Warriors", "Warriors"],
      "Houston Cougars": ["Houston", "Cougars"],
      "Illinois Fighting Illini": ["Illinois", "Fighting Illini"],
      "Indiana Hoosiers": ["Indiana", "Hoosiers"],
      "Iowa Hawkeyes": ["Iowa", "Hawkeyes"],
      "Iowa State Cyclones": ["Iowa State", "Cyclones"],
      "Kansas Jayhawks": ["Kansas", "Jayhawks", "KU"],
      "Kansas State Wildcats": ["Kansas State", "Wildcats", "K-State"],
      "Kent State Golden Flashes": ["Kent State", "Golden Flashes"],
      "Kentucky Wildcats": ["Kentucky", "Wildcats"],
      "Liberty Flames": ["Liberty", "Flames"],
      "Louisiana Ragin' Cajuns": ["Louisiana", "Ragin' Cajuns", "Louisiana Lafayette", "ULL"],
      "Louisiana Tech Bulldogs": ["Louisiana Tech", "Bulldogs", "La Tech"],
      "Louisville Cardinals": ["Louisville", "Cardinals"],
      "LSU Tigers": ["LSU", "Tigers", "Louisiana State"],
      "Marshall Thundering Herd": ["Marshall", "Thundering Herd"],
      "Maryland Terrapins": ["Maryland", "Terrapins", "Terps"],
      "Massachusetts Minutemen": ["Massachusetts", "Minutemen", "UMass"],
      "Memphis Tigers": ["Memphis", "Tigers"],
      "Miami Hurricanes": ["Miami (FL) Hurricanes", "Miami", "Hurricanes", "Miami Florida", "The U"],
      "Miami RedHawks": ["Miami (OH) RedHawks","Miami Ohio", "RedHawks", "Miami OH"],
      "Michigan Wolverines": ["Michigan", "Wolverines"],
      "Michigan State Spartans": ["Michigan State", "Spartans", "MSU"],
      "Middle Tennessee Blue Raiders": ["Middle Tennessee", "Blue Raiders", "MTSU"],
      "Minnesota Golden Gophers": ["Minnesota", "Golden Gophers", "Gophers"],
      "Mississippi State Bulldogs": ["Mississippi State", "Bulldogs"],
      "Missouri Tigers": ["Missouri", "Tigers", "Mizzou"],
      "Navy Midshipmen": ["Navy", "Midshipmen"],
      "NC State Wolfpack": ["NC State", "Wolfpack", "North Carolina State"],
      "Nebraska Cornhuskers": ["Nebraska", "Cornhuskers", "Huskers"],
      "Nevada Wolf Pack": ["Nevada", "Wolf Pack"],
      "New Mexico Lobos": ["New Mexico", "Lobos", "UNM"],
      "New Mexico State Aggies": ["New Mexico State", "Aggies", "NMSU"],
      "North Carolina Tar Heels": ["North Carolina", "Tar Heels", "UNC"],
      "North Texas Mean Green": ["North Texas", "Mean Green"],
      "Northern Illinois Huskies": ["Northern Illinois", "Huskies", "NIU"],
      "Northwestern Wildcats": ["Northwestern", "Wildcats"],
      "Notre Dame Fighting Irish": ["Notre Dame", "Fighting Irish"],
      "Ohio Bobcats": ["Ohio", "Bobcats", "Ohio University"],
      "Ohio State Buckeyes": ["Ohio State", "Buckeyes", "OSU"],
      "Oklahoma Sooners": ["Oklahoma", "Sooners", "OU"],
      "Oklahoma State Cowboys": ["Oklahoma State", "Cowboys", "OSU", "Ok State"],
      "Old Dominion Monarchs": ["Old Dominion", "Monarchs", "ODU"],
      "Ole Miss Rebels": ["Ole Miss", "Rebels", "Mississippi"],
      "Oregon Ducks": ["Oregon", "Ducks"],
      "Oregon State Beavers": ["Oregon State", "Beavers"],
      "Penn State Nittany Lions": ["Penn State", "Nittany Lions"],
      "Pittsburgh Panthers": ["Pittsburgh", "Panthers", "Pitt"],
      "Purdue Boilermakers": ["Purdue", "Boilermakers"],
      "Rice Owls": ["Rice", "Owls"],
      "Rutgers Scarlet Knights": ["Rutgers", "Scarlet Knights"],
      "San Diego State Aztecs": ["San Diego State", "Aztecs", "SDSU"],
      "San Jose State Spartans": ["San Jose State", "Spartans", "SJSU"],
      "SMU Mustangs": ["SMU", "Mustangs", "Southern Methodist"],
      "South Alabama Jaguars": ["South Alabama", "Jaguars"],
      "South Carolina Gamecocks": ["South Carolina", "Gamecocks"],
      "South Florida Bulls": ["South Florida", "Bulls", "USF"],
      "Southern Miss Golden Eagles": ["Southern Miss", "Golden Eagles", "Southern Mississippi"],
      "Stanford Cardinal": ["Stanford", "Cardinal"],
      "Syracuse Orange": ["Syracuse", "Orange"],
      "TCU Horned Frogs": ["TCU", "Horned Frogs", "Texas Christian"],
      "Temple Owls": ["Temple", "Owls"],
      "Tennessee Volunteers": ["Tennessee", "Volunteers", "Vols"],
      "Texas Longhorns": ["Texas", "Longhorns", "UT"],
      "Texas A&M Aggies": ["Texas A&M", "Aggies", "Texas AM"],
      "Texas State Bobcats": ["Texas State", "Bobcats"],
      "Texas Tech Red Raiders": ["Texas Tech", "Red Raiders", "TTU"],
      "Toledo Rockets": ["Toledo", "Rockets"],
      "Troy Trojans": ["Troy", "Trojans"],
      "Tulane Green Wave": ["Tulane", "Green Wave"],
      "Tulsa Golden Hurricane": ["Tulsa", "Golden Hurricane"],
      "UAB Blazers": ["UAB", "Blazers", "Alabama Birmingham"],
      "UCF Knights": ["UCF", "Knights", "Central Florida"],
      "UCLA Bruins": ["UCLA", "Bruins"],
      "UL Monroe Warhawks": ["UL Monroe", "Warhawks", "Louisiana Monroe"],
      "UNLV Rebels": ["UNLV", "Rebels", "Nevada Las Vegas"],
      "USC Trojans": ["USC", "Trojans", "Southern California"],
      "Utah Utes": ["Utah", "Utes"],
      "Utah State Aggies": ["Utah State", "Aggies"],
      "UTEP Miners": ["UTEP", "Miners", "Texas El Paso"],
      "UTSA Roadrunners": ["UTSA", "Roadrunners", "Texas San Antonio"],
      "Vanderbilt Commodores": ["Vanderbilt", "Commodores", "Vandy"],
      "Virginia Cavaliers": ["Virginia", "Cavaliers", "UVA"],
      "Virginia Tech Hokies": ["Virginia Tech", "Hokies", "VT"],
      "Wake Forest Demon Deacons": ["Wake Forest", "Demon Deacons"],
      "Washington Huskies": ["Washington", "Huskies"],
      "Washington State Cougars": ["Washington State", "Cougars", "Wazzu"],
      "West Virginia Mountaineers": ["West Virginia", "Mountaineers", "WVU"],
      "Western Kentucky Hilltoppers": ["Western Kentucky", "Hilltoppers", "WKU"],
      "Western Michigan Broncos": ["Western Michigan", "Broncos", "WMU"],
      "Wisconsin Badgers": ["Wisconsin", "Badgers"],
      "Wyoming Cowboys": ["Wyoming", "Cowboys"],
      "James Madison Dukes": ["James Madison", "Dukes", "JMU"],
      "Jacksonville State Gamecocks": ["Jacksonville State", "Gamecocks"],
      "Sam Houston Bearkats": ["Sam Houston", "Bearkats", "Sam Houston State"],
      "Kennesaw State Owls": ["Kennesaw State", "Owls"]
    }
  },
  "NCAA Basketball": {
    "service_prefix": "NCAAB",
    "max_channels": 32,
    "game_duration": {"hours": 2, "minutes": 15},
    "hints": ["NCAAB", "BASKETBALL", "COLLEGE BASKETBALL"],
    "api_sports": {
      "enabled": true,
      "endpoint": "basketball",
      "league_name": "NCAA"
    },
    "teams": {
      "Abilene Christian Wildcats": ["Abilene Christian", "Wildcats", "ACU"],
      "Air Force Falcons": ["Air Force", "Falcons", "AFA"],
      "Akron Zips": ["Akron", "Zips"],
      "Alabama Crimson Tide": ["Alabama", "Crimson Tide", "Bama", "Roll Tide"],
      "Alabama A&M Bulldogs": ["Alabama A&M", "Bulldogs"],
      "Alabama State Hornets": ["Alabama State", "Hornets"],
      "Albany Great Danes": ["Albany", "Great Danes"],
      "Alcorn State Braves": ["Alcorn State", "Braves"],
      "American Eagles": ["American", "Eagles"],
      "Appalachian State Mountaineers": ["Appalachian State", "Mountaineers", "App State"],
      "Arizona Wildcats": ["Arizona", "Wildcats"],
      "Arizona State Sun Devils": ["Arizona State", "Sun Devils", "ASU"],
      "Arkansas Razorbacks": ["Arkansas", "Razorbacks", "Hogs"],
      "Arkansas State Red Wolves": ["Arkansas State", "Red Wolves"],
      "Arkansas-Pine Bluff Golden Lions": ["Arkansas-Pine Bluff", "Golden Lions", "UAPB"],
      "Army Black Knights": ["Army", "Black Knights"],
      "Auburn Tigers": ["Auburn", "Tigers"],
      "Austin Peay Governors": ["Austin Peay", "Governors"],
      "Ball State Cardinals": ["Ball State", "Cardinals"],
      "Baylor Bears": ["Baylor", "Bears"],
      "Bellarmine Knights": ["Bellarmine", "Knights"],
      "Belmont Bruins": ["Belmont", "Bruins"],
      "Bethune-Cookman Wildcats": ["Bethune-Cookman", "Wildcats"],
      "Binghamton Bearcats": ["Binghamton", "Bearcats"],
      "Boise State Broncos": ["Boise State", "Broncos"],
      "Boston College Eagles": ["Boston College", "Eagles", "BC"],
      "Boston University Terriers": ["Boston University", "Terriers", "BU"],
      "Bowling Green Falcons": ["Bowling Green", "Falcons", "BGSU"],
      "Bradley Braves": ["Bradley", "Braves"],
      "Brown Bears": ["Brown", "Bears"],
      "Bryant Bulldogs": ["Bryant", "Bulldogs"],
      "Bucknell Bison": ["Bucknell", "Bison"],
      "Buffalo Bulls": ["Buffalo", "Bulls", "UB"],
      "Butler Bulldogs": ["Butler", "Bulldogs"],
      "BYU Cougars": ["BYU", "Cougars", "Brigham Young"],
      "Cal Poly Mustangs": ["Cal Poly", "Mustangs"],
      "Cal State Bakersfield Roadrunners": ["Cal State Bakersfield", "Roadrunners", "CSUB"],
      "Cal State Fullerton Titans": ["Cal State Fullerton", "Titans"],
      "Cal State Northridge Matadors": ["Cal State Northridge", "Matadors", "CSUN"],
      "California Golden Bears": ["California", "Golden Bears", "Cal"],
      "California Baptist Lancers": ["California Baptist", "Lancers", "CBU"],
      "Campbell Fighting Camels": ["Campbell", "Fighting Camels"],
      "Canisius Golden Griffins": ["Canisius", "Golden Griffins"],
      "Central Arkansas Bears": ["Central Arkansas", "Bears"],
      "Central Connecticut Blue Devils": ["Central Connecticut", "Blue Devils"],
      "Central Michigan Chippewas": ["Central Michigan", "Chippewas", "CMU"],
      "Charleston Cougars": ["Charleston", "Cougars"],
      "Charleston Southern Buccaneers": ["Charleston Southern", "Buccaneers"],
      "Charlotte 49ers": ["Charlotte", "49ers"],
      "Chattanooga Mocs": ["Chattanooga", "Mocs"],
      "Chicago State Cougars": ["Chicago State", "Cougars"],
      "Cincinnati Bearcats": ["Cincinnati", "Bearcats"],
      "Clemson Tigers": ["Clemson", "Tigers"],
      "Cleveland State Vikings": ["Cleveland State", "Vikings"],
      "Coastal Carolina Chanticleers": ["Coastal Carolina", "Chanticleers"],
      "Colgate Raiders": ["Colgate", "Raiders"],
      "Colorado Buffaloes": ["Colorado", "Buffaloes"],
      "Colorado State Rams": ["Colorado State", "Rams", "CSU"],
      "Columbia Lions": ["Columbia", "Lions"],
      "Connecticut Huskies": ["Connecticut", "Huskies", "UConn"],
      "Coppin State Eagles": ["Coppin State", "Eagles"],
      "Cornell Big Red": ["Cornell", "Big Red"],
      "Creighton Bluejays": ["Creighton", "Bluejays"],
      "Dartmouth Big Green": ["Dartmouth", "Big Green"],
      "Davidson Wildcats": ["Davidson", "Wildcats"],
      "Dayton Flyers": ["Dayton", "Flyers"],
      "Delaware Blue Hens": ["Delaware", "Blue Hens"],
      "Delaware State Hornets": ["Delaware State", "Hornets"],
      "Denver Pioneers": ["Denver", "Pioneers"],
      "DePaul Blue Demons": ["DePaul", "Blue Demons"],
      "Detroit Mercy Titans": ["Detroit Mercy", "Titans"],
      "Drake Bulldogs": ["Drake", "Bulldogs"],
      "Drexel Dragons": ["Drexel", "Dragons"],
      "Duke Blue Devils": ["Duke", "Blue Devils"],
      "Duquesne Dukes": ["Duquesne", "Dukes"],
      "East Carolina Pirates": ["East Carolina", "Pirates", "ECU"],
      "East Tennessee State Buccaneers": ["East Tennessee State", "Buccaneers", "ETSU"],
      "Eastern Illinois Panthers": ["Eastern Illinois", "Panthers"],
      "Eastern Kentucky Colonels": ["Eastern Kentucky", "Colonels"],
      "Eastern Michigan Eagles": ["Eastern Michigan", "Eagles", "EMU"],
      "Eastern Washington Eagles": ["Eastern Washington", "Eagles", "EWU"],
      "Elon Phoenix": ["Elon", "Phoenix"],
      "Evansville Purple Aces": ["Evansville", "Purple Aces"],
      "Fairfield Stags": ["Fairfield", "Stags"],
      "Fairleigh Dickinson Knights": ["Fairleigh Dickinson", "Knights", "FDU"],
      "Florida Gators": ["Florida", "Gators"],
      "Florida A&M Rattlers": ["Florida A&M", "Rattlers"],
      "Florida Atlantic Owls": ["Florida Atlantic", "Owls", "FAU"],
      "Florida Gulf Coast Eagles": ["Florida Gulf Coast", "Eagles", "FGCU"],
      "Florida International Panthers": ["Florida International", "Panthers", "FIU"],
      "Florida State Seminoles": ["Florida State", "Seminoles", "FSU"],
      "Fordham Rams": ["Fordham", "Rams"],
      "Fresno State Bulldogs": ["Fresno State", "Bulldogs"],
      "Furman Paladins": ["Furman", "Paladins"],
      "Gardner-Webb Runnin' Bulldogs": ["Gardner-Webb", "Runnin' Bulldogs"],
      "George Mason Patriots": ["George Mason", "Patriots"],
      "George Washington Colonials": ["George Washington", "Colonials"],
      "Georgetown Hoyas": ["Georgetown", "Hoyas"],
      "Georgia Bulldogs": ["Georgia", "Bulldogs", "UGA"],
      "Georgia Southern Eagles": ["Georgia Southern", "Eagles", "GSU"],
      "Georgia State Panthers": ["Georgia State", "Panthers"],
      "Georgia Tech Yellow Jackets": ["Georgia Tech", "Yellow Jackets", "GT"],
      "Gonzaga Bulldogs": ["Gonzaga", "Bulldogs", "Zags"],
      "Grambling State Tigers": ["Grambling State", "Tigers"],
      "Grand Canyon Antelopes": ["Grand Canyon", "Antelopes", "GCU"],
      "Green Bay Phoenix": ["Green Bay", "Phoenix"],
      "Hampton Pirates": ["Hampton", "Pirates"],
      "Hartford Hawks": ["Hartford", "Hawks"],
      "Harvard Crimson": ["Harvard", "Crimson"],
      "Hawaii Rainbow Warriors": ["Hawaii", "Rainbow Warriors", "Warriors"],
      "High Point Panthers": ["High Point", "Panthers"],
      "Hofstra Pride": ["Hofstra", "Pride"],
      "Holy Cross Crusaders": ["Holy Cross", "Crusaders"],
      "Houston Cougars": ["Houston", "Cougars"],
      "Houston Christian Huskies": ["Houston Christian", "Huskies"],
      "Howard Bison": ["Howard", "Bison"],
      "Idaho Vandals": ["Idaho", "Vandals"],
      "Idaho State Bengals": ["Idaho State", "Bengals"],
      "Illinois Fighting Illini": ["Illinois", "Fighting Illini"],
      "Illinois State Redbirds": ["Illinois State", "Redbirds"],
      "Incarnate Word Cardinals": ["Incarnate Word", "Cardinals", "UIW"],
      "Indiana Hoosiers": ["Indiana", "Hoosiers"],
      "Indiana State Sycamores": ["Indiana State", "Sycamores"],
      "Iona Gaels": ["Iona", "Gaels"],
      "Iowa Hawkeyes": ["Iowa", "Hawkeyes"],
      "Iowa State Cyclones": ["Iowa State", "Cyclones"],
      "IUPUI Jaguars": ["IUPUI", "Jaguars"],
      "Jackson State Tigers": ["Jackson State", "Tigers"],
      "Jacksonville Dolphins": ["Jacksonville", "Dolphins"],
      "Jacksonville State Gamecocks": ["Jacksonville State", "Gamecocks"],
      "James Madison Dukes": ["James Madison", "Dukes", "JMU"],
      "Kansas Jayhawks": ["Kansas", "Jayhawks", "KU"],
      "Kansas City Roos": ["Kansas City", "Roos", "UMKC"],
      "Kansas State Wildcats": ["Kansas State", "Wildcats", "K-State"],
      "Kennesaw State Owls": ["Kennesaw State", "Owls"],
      "Kent State Golden Flashes": ["Kent State", "Golden Flashes"],
      "Kentucky Wildcats": ["Kentucky", "Wildcats"],
      "La Salle Explorers": ["La Salle", "Explorers"],
      "Lafayette Leopards": ["Lafayette", "Leopards"],
      "Lamar Cardinals": ["Lamar", "Cardinals"],
      "Lehigh Mountain Hawks": ["Lehigh", "Mountain Hawks"],
      "Liberty Flames": ["Liberty", "Flames"],
      "Lipscomb Bisons": ["Lipscomb", "Bisons"],
      "Long Beach State Beach": ["Long Beach State", "Beach", "LBSU"],
      "Long Island Sharks": ["Long Island", "Sharks", "LIU"],
      "Longwood Lancers": ["Longwood", "Lancers"],
      "Louisiana Ragin' Cajuns": ["Louisiana", "Ragin' Cajuns", "Louisiana Lafayette", "ULL"],
      "Louisiana Tech Bulldogs": ["Louisiana Tech", "Bulldogs", "La Tech"],
      "Louisiana-Monroe Warhawks": ["Louisiana-Monroe", "Warhawks", "ULM"],
      "Louisville Cardinals": ["Louisville", "Cardinals"],
      "Loyola Chicago Ramblers": ["Loyola Chicago", "Ramblers"],
      "Loyola Marymount Lions": ["Loyola Marymount", "Lions", "LMU"],
      "LSU Tigers": ["LSU", "Tigers", "Louisiana State"],
      "Maine Black Bears": ["Maine", "Black Bears"],
      "Manhattan Jaspers": ["Manhattan", "Jaspers"],
      "Marist Red Foxes": ["Marist", "Red Foxes"],
      "Marquette Golden Eagles": ["Marquette", "Golden Eagles"],
      "Marshall Thundering Herd": ["Marshall", "Thundering Herd"],
      "Maryland Terrapins": ["Maryland", "Terrapins", "Terps"],
      "Maryland Eastern Shore Hawks": ["Maryland Eastern Shore", "Hawks"],
      "Massachusetts Minutemen": ["Massachusetts", "Minutemen", "UMass"],
      "McNeese Cowboys": ["McNeese", "Cowboys"],
      "Memphis Tigers": ["Memphis", "Tigers"],
      "Mercer Bears": ["Mercer", "Bears"],
      "Merrimack Warriors": ["Merrimack", "Warriors"],
      "Miami Hurricanes": ["Miami (FL) Hurricanes", "Miami", "Hurricanes", "Miami Florida", "The U"],
      "Miami RedHawks": ["Miami (OH) RedHawks","Miami Ohio", "RedHawks", "Miami OH"],
      "Michigan Wolverines": ["Michigan", "Wolverines"],
      "Michigan State Spartans": ["Michigan State", "Spartans", "MSU"],
      "Middle Tennessee Blue Raiders": ["Middle Tennessee", "Blue Raiders", "MTSU"],
      "Milwaukee Panthers": ["Milwaukee", "Panthers"],
      "Minnesota Golden Gophers": ["Minnesota", "Golden Gophers", "Gophers"],
      "Mississippi State Bulldogs": ["Mississippi State", "Bulldogs"],
      "Missouri Tigers": ["Missouri", "Tigers", "Mizzou"],
      "Missouri State Bears": ["Missouri State", "Bears"],
      "Monmouth Hawks": ["Monmouth", "Hawks"],
      "Montana Grizzlies": ["Montana", "Grizzlies"],
      "Montana State Bobcats": ["Montana State", "Bobcats"],
      "Morehead State Eagles": ["Morehead State", "Eagles"],
      "Morgan State Bears": ["Morgan State", "Bears"],
      "Mount St. Mary's Mountaineers": ["Mount St. Mary's", "Mountaineers"],
      "Murray State Racers": ["Murray State", "Racers"],
      "Navy Midshipmen": ["Navy", "Midshipmen"],
      "Nebraska Cornhuskers": ["Nebraska", "Cornhuskers", "Huskers"],
      "Nevada Wolf Pack": ["Nevada", "Wolf Pack"],
      "New Hampshire Wildcats": ["New Hampshire", "Wildcats"],
      "New Mexico Lobos": ["New Mexico", "Lobos", "UNM"],
      "New Mexico State Aggies": ["New Mexico State", "Aggies", "NMSU"],
      "New Orleans Privateers": ["New Orleans", "Privateers"],
      "Niagara Purple Eagles": ["Niagara", "Purple Eagles"],
      "Nicholls Colonels": ["Nicholls", "Colonels"],
      "NJIT Highlanders": ["NJIT", "Highlanders"],
      "Norfolk State Spartans": ["Norfolk State", "Spartans"],
      "North Alabama Lions": ["North Alabama", "Lions"],
      "North Carolina Tar Heels": ["North Carolina", "Tar Heels", "UNC"],
      "North Carolina A&T Aggies": ["North Carolina A&T", "Aggies"],
      "North Carolina Central Eagles": ["North Carolina Central", "Eagles", "NCCU"],
      "North Dakota Fighting Hawks": ["North Dakota", "Fighting Hawks"],
      "North Dakota State Bison": ["North Dakota State", "Bison", "NDSU"],
      "North Florida Ospreys": ["North Florida", "Ospreys"],
      "North Texas Mean Green": ["North Texas", "Mean Green"],
      "Northeastern Huskies": ["Northeastern", "Huskies"],
      "Northern Arizona Lumberjacks": ["Northern Arizona", "Lumberjacks", "NAU"],
      "Northern Colorado Bears": ["Northern Colorado", "Bears"],
      "Northern Illinois Huskies": ["Northern Illinois", "Huskies", "NIU"],
      "Northern Iowa Panthers": ["Northern Iowa", "Panthers", "UNI"],
      "Northern Kentucky Norse": ["Northern Kentucky", "Norse"],
      "Northwestern Wildcats": ["Northwestern", "Wildcats"],
      "Northwestern State Demons": ["Northwestern State", "Demons"],
      "Notre Dame Fighting Irish": ["Notre Dame", "Fighting Irish"],
      "Oakland Golden Grizzlies": ["Oakland", "Golden Grizzlies"],
      "Ohio Bobcats": ["Ohio", "Bobcats", "Ohio University"],
      "Ohio State Buckeyes": ["Ohio State", "Buckeyes", "OSU"],
      "Oklahoma Sooners": ["Oklahoma", "Sooners", "OU"],
      "Oklahoma State Cowboys": ["Oklahoma State", "Cowboys", "OSU", "Ok State"],
      "Old Dominion Monarchs": ["Old Dominion", "Monarchs", "ODU"],
      "Ole Miss Rebels": ["Ole Miss", "Rebels", "Mississippi"],
      "Omaha Mavericks": ["Omaha", "Mavericks"],
      "Oral Roberts Golden Eagles": ["Oral Roberts", "Golden Eagles", "ORU"],
      "Oregon Ducks": ["Oregon", "Ducks"],
      "Oregon State Beavers": ["Oregon State", "Beavers"],
      "Pacific Tigers": ["Pacific", "Tigers"],
      "Penn Quakers": ["Penn", "Quakers", "Pennsylvania"],
      "Penn State Nittany Lions": ["Penn State", "Nittany Lions"],
      "Pepperdine Waves": ["Pepperdine", "Waves"],
      "Pittsburgh Panthers": ["Pittsburgh", "Panthers", "Pitt"],
      "Portland Pilots": ["Portland", "Pilots"],
      "Portland State Vikings": ["Portland State", "Vikings"],
      "Prairie View A&M Panthers": ["Prairie View A&M", "Panthers"],
      "Presbyterian Blue Hose": ["Presbyterian", "Blue Hose"],
      "Princeton Tigers": ["Princeton", "Tigers"],
      "Providence Friars": ["Providence", "Friars"],
      "Purdue Boilermakers": ["Purdue", "Boilermakers"],
      "Purdue Fort Wayne Mastodons": ["Purdue Fort Wayne", "Mastodons", "PFW"],
      "Queens Royals": ["Queens", "Royals"],
      "Quinnipiac Bobcats": ["Quinnipiac", "Bobcats"],
      "Radford Highlanders": ["Radford", "Highlanders"],
      "Rhode Island Rams": ["Rhode Island", "Rams"],
      "Rice Owls": ["Rice", "Owls"],
      "Richmond Spiders": ["Richmond", "Spiders"],
      "Rider Broncs": ["Rider", "Broncs"],
      "Robert Morris Colonials": ["Robert Morris", "Colonials"],
      "Rutgers Scarlet Knights": ["Rutgers", "Scarlet Knights"],
      "Sacramento State Hornets": ["Sacramento State", "Hornets"],
      "Sacred Heart Pioneers": ["Sacred Heart", "Pioneers"],
      "Saint Francis (PA) Red Flash": ["Saint Francis", "Red Flash", "St. Francis PA"],
      "Saint Joseph's Hawks": ["Saint Joseph's", "Hawks", "St. Joe's"],
      "Saint Louis Billikens": ["Saint Louis", "Billikens", "St. Louis"],
      "Saint Mary's Gaels": ["Saint Mary's", "Gaels", "St. Mary's"],
      "Saint Peter's Peacocks": ["Saint Peter's", "Peacocks", "St. Peter's"],
      "Sam Houston Bearkats": ["Sam Houston", "Bearkats", "Sam Houston State"],
      "Samford Bulldogs": ["Samford", "Bulldogs"],
      "San Diego Toreros": ["San Diego", "Toreros", "USD"],
      "San Diego State Aztecs": ["San Diego State", "Aztecs", "SDSU"],
      "San Francisco Dons": ["San Francisco", "Dons", "USF"],
      "San Jose State Spartans": ["San Jose State", "Spartans", "SJSU"],
      "Santa Clara Broncos": ["Santa Clara", "Broncos"],
      "Seattle Redhawks": ["Seattle", "Redhawks"],
      "Seton Hall Pirates": ["Seton Hall", "Pirates"],
      "Siena Saints": ["Siena", "Saints"],
      "SIU Edwardsville Cougars": ["SIU Edwardsville", "Cougars", "SIUE"],
      "SMU Mustangs": ["SMU", "Mustangs", "Southern Methodist"],
      "South Alabama Jaguars": ["South Alabama", "Jaguars"],
      "South Carolina Gamecocks": ["South Carolina", "Gamecocks"],
      "South Carolina State Bulldogs": ["South Carolina State", "Bulldogs"],
      "South Dakota Coyotes": ["South Dakota", "Coyotes"],
      "South Dakota State Jackrabbits": ["South Dakota State", "Jackrabbits", "SDSU"],
      "South Florida Bulls": ["South Florida", "Bulls", "USF"],
      "Southeast Missouri State Redhawks": ["Southeast Missouri State", "Redhawks", "SEMO"],
      "Southeastern Louisiana Lions": ["Southeastern Louisiana", "Lions"],
      "Southern Illinois Salukis": ["Southern Illinois", "Salukis"],
      "Southern Jaguars": ["Southern", "Jaguars"],
      "Southern Miss Golden Eagles": ["Southern Miss", "Golden Eagles", "Southern Mississippi"],
      "Southern Utah Thunderbirds": ["Southern Utah", "Thunderbirds"],
      "St. Bonaventure Bonnies": ["St. Bonaventure", "Bonnies"],
      "St. Francis Brooklyn Terriers": ["St. Francis Brooklyn", "Terriers"],
      "St. John's Red Storm": ["St. John's", "Red Storm"],
      "St. Thomas Tommies": ["St. Thomas", "Tommies"],
      "Stanford Cardinal": ["Stanford", "Cardinal"],
      "Stephen F. Austin Lumberjacks": ["Stephen F. Austin", "Lumberjacks", "SFA"],
      "Stetson Hatters": ["Stetson", "Hatters"],
      "Stonehill Skyhawks": ["Stonehill", "Skyhawks"],
      "Stony Brook Seawolves": ["Stony Brook", "Seawolves"],
      "Syracuse Orange": ["Syracuse", "Orange"],
      "TCU Horned Frogs": ["TCU", "Horned Frogs", "Texas Christian"],
      "Temple Owls": ["Temple", "Owls"],
      "Tennessee Volunteers": ["Tennessee", "Volunteers", "Vols"],
      "Tennessee State Tigers": ["Tennessee State", "Tigers"],
      "Tennessee Tech Golden Eagles": ["Tennessee Tech", "Golden Eagles"],
      "Texas Longhorns": ["Texas", "Longhorns", "UT"],
      "Texas A&M Aggies": ["Texas A&M", "Aggies", "Texas AM"],
      "Texas A&M-Commerce Lions": ["Texas A&M-Commerce", "Lions"],
      "Texas A&M-Corpus Christi Islanders": ["Texas A&M-Corpus Christi", "Islanders"],
      "Texas Southern Tigers": ["Texas Southern", "Tigers"],
      "Texas State Bobcats": ["Texas State", "Bobcats"],
      "Texas Tech Red Raiders": ["Texas Tech", "Red Raiders", "TTU"],
      "The Citadel Bulldogs": ["The Citadel", "Bulldogs"],
      "Toledo Rockets": ["Toledo", "Rockets"],
      "Towson Tigers": ["Towson", "Tigers"],
      "Troy Trojans": ["Troy", "Trojans"],
      "Tulane Green Wave": ["Tulane", "Green Wave"],
      "Tulsa Golden Hurricane": ["Tulsa", "Golden Hurricane"],
      "UAB Blazers": ["UAB", "Blazers", "Alabama Birmingham"],
      "UC Davis Aggies": ["UC Davis", "Aggies"],
      "UC Irvine Anteaters": ["UC Irvine", "Anteaters", "UCI"],
      "UC Riverside Highlanders": ["UC Riverside", "Highlanders"],
      "UC San Diego Tritons": ["UC San Diego", "Tritons", "UCSD"],
      "UC Santa Barbara Gauchos": ["UC Santa Barbara", "Gauchos", "UCSB"],
      "UCF Knights": ["UCF", "Knights", "Central Florida"],
      "UCLA Bruins": ["UCLA", "Bruins"],
      "UMass Lowell River Hawks": ["UMass Lowell", "River Hawks"],
      "UMBC Retrievers": ["UMBC", "Retrievers"],
      "UNC Asheville Bulldogs": ["UNC Asheville", "Bulldogs"],
      "UNC Greensboro Spartans": ["UNC Greensboro", "Spartans", "UNCG"],
      "UNC Wilmington Seahawks": ["UNC Wilmington", "Seahawks", "UNCW"],
      "UNLV Rebels": ["UNLV", "Rebels", "Nevada Las Vegas"],
      "USC Trojans": ["USC", "Trojans", "Southern California"],
      "UT Arlington Mavericks": ["UT Arlington", "Mavericks", "UTA"],
      "UT Martin Skyhawks": ["UT Martin", "Skyhawks"],
      "UT Rio Grande Valley Vaqueros": ["UT Rio Grande Valley", "Vaqueros", "UTRGV"],
      "Utah Utes": ["Utah", "Utes"],
      "Utah State Aggies": ["Utah State", "Aggies"],
      "Utah Tech Trailblazers": ["Utah Tech", "Trailblazers"],
      "Utah Valley Wolverines": ["Utah Valley", "Wolverines", "UVU"],
      "UTEP Miners": ["UTEP", "Miners", "Texas El Paso"],
      "UTSA Roadrunners": ["UTSA", "Roadrunners", "Texas San Antonio"],
      "Valparaiso Beacons": ["Valparaiso", "Beacons"],
      "Vanderbilt Commodores": ["Vanderbilt", "Commodores", "Vandy"],
      "VCU Rams": ["VCU", "Rams"],
      "Vermont Catamounts": ["Vermont", "Catamounts"],
      "Villanova Wildcats": ["Villanova", "Wildcats", "Nova"],
      "Virginia Cavaliers": ["Virginia", "Cavaliers", "UVA"],
      "Virginia Tech Hokies": ["Virginia Tech", "Hokies", "VT"],
      "VMI Keydets": ["VMI", "Keydets"],
      "Wagner Seahawks": ["Wagner", "Seawolves"],
      "Wake Forest Demon Deacons": ["Wake Forest", "Demon Deacons"],
      "Washington Huskies": ["Washington", "Huskies"],
      "Washington State Cougars": ["Washington State", "Cougars", "Wazzu"],
      "Weber State Wildcats": ["Weber State", "Wildcats"],
      "West Virginia Mountaineers": ["West Virginia", "Mountaineers", "WVU"],
      "Western Carolina Catamounts": ["Western Carolina", "Catamounts"],
      "Western Illinois Leathernecks": ["Western Illinois", "Leathernecks"],
      "Western Kentucky Hilltoppers": ["Western Kentucky", "Hilltoppers", "WKU"],
      "Western Michigan Broncos": ["Western Michigan", "Broncos", "WMU"],
      "Wichita State Shockers": ["Wichita State", "Shockers"],
      "William & Mary Tribe": ["William & Mary", "Tribe"],
      "Winthrop Eagles": ["Winthrop", "Eagles"],
      "Wisconsin Badgers": ["Wisconsin", "Badgers"],
      "Wofford Terriers": ["Wofford", "Terriers"],
      "Wright State Raiders": ["Wright State", "Raiders"],
      "Wyoming Cowboys": ["Wyoming", "Cowboys"],
      "Xavier Musketeers": ["Xavier", "Musketeers"],
      "Yale Bulldogs": ["Yale", "Bulldogs"],
      "Youngstown State Penguins": ["Youngstown State", "Penguins"]
    }
  }
}